[{"model": "atividades.abrangencia", "pk": 1, "fields": {"nome": "Bairro da Pra\u00e7a CEU", "descricao": "Bairro da Pra\u00e7a CEU"}}, {"model": "atividades.abrangencia", "pk": 2, "fields": {"nome": "Bairros do entorno", "descricao": "Bairros do entorno"}}, {"model": "atividades.abrangencia", "pk": 3, "fields": {"nome": "Munic\u00edpio", "descricao": "Munic\u00edpio"}}, {"model": "atividades.abrangencia", "pk": 4, "fields": {"nome": "Munic\u00edpios do entorno", "descricao": "Munic\u00edpios do entorno"}}, {"model": "atividades.abrangencia", "pk": 5, "fields": {"nome": "Estado", "descricao": "Estado"}}, {"model": "atividades.area", "pk": 1, "fields": {"nome": "Artes C\u00eanicas", "descricao": "Artes C\u00eanicas"}}, {"model": "atividades.area", "pk": 2, "fields": {"nome": "Audiovisual", "descricao": "Audiovisual"}}, {"model": "atividades.area", "pk": 3, "fields": {"nome": "M\u00fasica", "descricao": "M\u00fasica"}}, {"model": "atividades.area", "pk": 4, "fields": {"nome": "Artes Visuais", "descricao": "Artes Visuais"}}, {"model": "atividades.area", "pk": 5, "fields": {"nome": "Patrim\u00f4nio Cultural", "descricao": "Patrim\u00f4nio Cultural"}}, {"model": "atividades.area", "pk": 6, "fields": {"nome": "Livro, Leitura e Literatura", "descricao": "Livro, Leitura e Literatura"}}, {"model": "atividades.area", "pk": 7, "fields": {"nome": "Esportes", "descricao": "Esportes"}}, {"model": "atividades.area", "pk": 8, "fields": {"nome": "Assist\u00eancia Social", "descricao": "Assist\u00eancia Social"}}, {"model": "atividades.area", "pk": 9, "fields": {"nome": "Sa\u00fade", "descricao": "Sa\u00fade"}}, {"model": "atividades.area", "pk": 10, "fields": {"nome": "Outros", "descricao": "Outros"}}, {"model": "atividades.espaco", "pk": 1, "fields": {"nome": "Cineteatro", "descricao": "Cineteatro"}}, {"model": "atividades.espaco", "pk": 2, "fields": {"nome": "Biblioteca", "descricao": "Biblioteca"}}, {"model": "atividades.espaco", "pk": 3, "fields": {"nome": "Laborat\u00f3rio multim\u00eddia", "descricao": "Laborat\u00f3rio multim\u00eddia"}}, {"model": "atividades.espaco", "pk": 4, "fields": {"nome": "Quadra", "descricao": "Quadra"}}, {"model": "atividades.espaco", "pk": 5, "fields": {"nome": "Sala multiuso", "descricao": "Sala multiuso"}}, {"model": "atividades.espaco", "pk": 6, "fields": {"nome": "CRAS", "descricao": "CRAS"}}, {"model": "atividades.espaco", "pk": 7, "fields": {"nome": "Pista de skate", "descricao": "Pista de skate"}}, {"model": "atividades.espaco", "pk": 8, "fields": {"nome": "\u00c1reas externas", "descricao": "\u00c1reas externas"}}, {"model": "atividades.tipo", "pk": 1, "fields": {"nome": "Apresenta\u00e7\u00e3o", "descricao": "Apresenta\u00e7\u00e3o"}}, {"model": "atividades.tipo", "pk": 2, "fields": {"nome": "Atendimento", "descricao": "Atendimento"}}, {"model": "atividades.tipo", "pk": 3, "fields": {"nome": "Comercializa\u00e7\u00e3o de produtos", "descricao": "Comercializa\u00e7\u00e3o de produtos"}}, {"model": "atividades.tipo", "pk": 4, "fields": {"nome": "Curso", "descricao": "Curso"}}, {"model": "atividades.tipo", "pk": 5, "fields": {"nome": "Espet\u00e1culo", "descricao": "Espet\u00e1culo"}}, {"model": "atividades.tipo", "pk": 6, "fields": {"nome": "Exposi\u00e7\u00e3o", "descricao": "Exposi\u00e7\u00e3o"}}, {"model": "atividades.tipo", "pk": 7, "fields": {"nome": "Feira de trocas", "descricao": "Feira de trocas"}}, {"model": "atividades.tipo", "pk": 8, "fields": {"nome": "Oficina", "descricao": "Oficina"}}, {"model": "atividades.tipo", "pk": 9, "fields": {"nome": "Palestra", "descricao": "Palestra"}}, {"model": "atividades.tipo", "pk": 10, "fields": {"nome": "Reuni\u00e3o", "descricao": "Reuni\u00e3o"}}, {"model": "atividades.tipo", "pk": 11, "fields": {"nome": "Semin\u00e1rio", "descricao": "Semin\u00e1rio"}}, {"model": "atividades.tipo", "pk": 12, "fields": {"nome": "Show", "descricao": "Show"}}, {"model": "atividades.tipo", "pk": 13, "fields": {"nome": "Festas", "descricao": "Festas"}}, {"model": "atividades.tipo", "pk": 14, "fields": {"nome": "Outros", "descricao": "Outros"}}, {"model": "atividades.subarea", "pk": 1, "fields": {"area": 1, "nome": "Circo", "descricao": "Circo"}}, {"model": "atividades.subarea", "pk": 2, "fields": {"area": 1, "nome": "Dan\u00e7a", "descricao": "Dan\u00e7a"}}, {"model": "atividades.subarea", "pk": 3, "fields": {"area": 1, "nome": "M\u00edmica", "descricao": "M\u00edmica"}}, {"model": "atividades.subarea", "pk": 4, "fields": {"area": 1, "nome": "\u00d3pera", "descricao": "\u00d3pera"}}, {"model": "atividades.subarea", "pk": 5, "fields": {"area": 1, "nome": "Teatro", "descricao": "Teatro"}}, {"model": "atividades.subarea", "pk": 6, "fields": {"area": 2, "nome": "Exibi\u00e7\u00e3o Cinematogr\u00e1fica", "descricao": "Exibi\u00e7\u00e3o Cinematogr\u00e1fica"}}, {"model": "atividades.subarea", "pk": 7, "fields": {"area": 2, "nome": "Preserva\u00e7\u00e3o/Restaura\u00e7\u00e3o da Mem\u00f3ria Cinematogr\u00e1fica", "descricao": "Preserva\u00e7\u00e3o/Restaura\u00e7\u00e3o da Mem\u00f3ria Cinematogr\u00e1fica"}}, {"model": "atividades.subarea", "pk": 8, "fields": {"area": 2, "nome": "Produ\u00e7\u00e3o Cinematogr\u00e1fica", "descricao": "Produ\u00e7\u00e3o Cinematogr\u00e1fica"}}, {"model": "atividades.subarea", "pk": 9, "fields": {"area": 2, "nome": "Produ\u00e7\u00e3o Radiof\u00f4nica", "descricao": "Produ\u00e7\u00e3o Radiof\u00f4nica"}}, {"model": "atividades.subarea", "pk": 10, "fields": {"area": 2, "nome": "Produ\u00e7\u00e3o Televisiva", "descricao": "Produ\u00e7\u00e3o Televisiva"}}, {"model": "atividades.subarea", "pk": 11, "fields": {"area": 2, "nome": "R\u00e1dios/TVs Comunit\u00e1rias", "descricao": "R\u00e1dios/TVs Comunit\u00e1rias"}}, {"model": "atividades.subarea", "pk": 12, "fields": {"area": 3, "nome": "M\u00fasica Erudita", "descricao": "M\u00fasica Erudita"}}, {"model": "atividades.subarea", "pk": 13, "fields": {"area": 3, "nome": "M\u00fasica Instrumental", "descricao": "M\u00fasica Instrumental"}}, {"model": "atividades.subarea", "pk": 14, "fields": {"area": 3, "nome": "M\u00fasica Popular", "descricao": "M\u00fasica Popular"}}, {"model": "atividades.subarea", "pk": 15, "fields": {"area": 3, "nome": "Orquestra", "descricao": "Orquestra"}}, {"model": "atividades.subarea", "pk": 16, "fields": {"area": 3, "nome": "M\u00fasica em Geral", "descricao": "M\u00fasica em Geral"}}, {"model": "atividades.subarea", "pk": 17, "fields": {"area": 4, "nome": "Fotografia", "descricao": "Fotografia"}}, {"model": "atividades.subarea", "pk": 18, "fields": {"area": 4, "nome": "Gr\u00e1ficas", "descricao": "Gr\u00e1ficas"}}, {"model": "atividades.subarea", "pk": 19, "fields": {"area": 4, "nome": "Pl\u00e1sticas", "descricao": "Pl\u00e1sticas"}}, {"model": "atividades.subarea", "pk": 20, "fields": {"area": 5, "nome": "Acervo", "descricao": "Acervo"}}, {"model": "atividades.subarea", "pk": 21, "fields": {"area": 5, "nome": "Afro Brasileira", "descricao": "Afro Brasileira"}}, {"model": "atividades.subarea", "pk": 22, "fields": {"area": 5, "nome": "Arqueol\u00f3gico", "descricao": "Arqueol\u00f3gico"}}, {"model": "atividades.subarea", "pk": 23, "fields": {"area": 5, "nome": "Arquitet\u00f4nico", "descricao": "Arquitet\u00f4nico"}}, {"model": "atividades.subarea", "pk": 24, "fields": {"area": 5, "nome": "Artesanato", "descricao": "Artesanato"}}, {"model": "atividades.subarea", "pk": 25, "fields": {"area": 5, "nome": "Ecol\u00f3gico", "descricao": "Ecol\u00f3gico"}}, {"model": "atividades.subarea", "pk": 26, "fields": {"area": 5, "nome": "Folclore", "descricao": "Folclore"}}, {"model": "atividades.subarea", "pk": 27, "fields": {"area": 5, "nome": "Hist\u00f3rico", "descricao": "Hist\u00f3rico"}}, {"model": "atividades.subarea", "pk": 28, "fields": {"area": 5, "nome": "Ind\u00edgena", "descricao": "Ind\u00edgena"}}, {"model": "atividades.subarea", "pk": 29, "fields": {"area": 5, "nome": "Museu", "descricao": "Museu"}}, {"model": "atividades.subarea", "pk": 30, "fields": {"area": 6, "nome": "Edi\u00e7\u00e3o de Livros e outros", "descricao": "Edi\u00e7\u00e3o de Livros e outros"}}, {"model": "atividades.subarea", "pk": 31, "fields": {"area": 6, "nome": "Evento liter\u00e1rio", "descricao": "Evento liter\u00e1rio"}}, {"model": "atividades.subarea", "pk": 32, "fields": {"area": 6, "nome": "Leitura", "descricao": "Leitura"}}, {"model": "atividades.subarea", "pk": 33, "fields": {"area": 6, "nome": "Conta\u00e7\u00e3o de hist\u00f3ria", "descricao": "Conta\u00e7\u00e3o de hist\u00f3ria"}}, {"model": "atividades.subarea", "pk": 34, "fields": {"area": 6, "nome": "Sarau", "descricao": "Sarau"}}, {"model": "atividades.subarea", "pk": 35, "fields": {"area": 7, "nome": "Futebol", "descricao": "Futebol"}}, {"model": "atividades.subarea", "pk": 36, "fields": {"area": 7, "nome": "V\u00f4lei", "descricao": "V\u00f4lei"}}, {"model": "atividades.subarea", "pk": 37, "fields": {"area": 7, "nome": "Basquete", "descricao": "Basquete"}}, {"model": "atividades.subarea", "pk": 38, "fields": {"area": 7, "nome": "Skate", "descricao": "Skate"}}, {"model": "atividades.subarea", "pk": 39, "fields": {"area": 7, "nome": "Handebol", "descricao": "Handebol"}}, {"model": "atividades.subarea", "pk": 40, "fields": {"area": 7, "nome": "Futev\u00f4lei", "descricao": "Futev\u00f4lei"}}, {"model": "atividades.subarea", "pk": 41, "fields": {"area": 7, "nome": "Capoeira", "descricao": "Capoeira"}}, {"model": "atividades.publico", "pk": 1, "fields": {"nome": "Egressos do sistema prisional", "descricao": "Egressos do sistema prisional"}}, {"model": "atividades.publico", "pk": 2, "fields": {"nome": "Fam\u00edlias de presos do sistema carcer\u00e1rio", "descricao": "Fam\u00edlias de presos do sistema carcer\u00e1rio"}}, {"model": "atividades.publico", "pk": 3, "fields": {"nome": "Jovens em medidas socioeducativas", "descricao": "Jovens em medidas socioeducativas"}}, {"model": "atividades.publico", "pk": 4, "fields": {"nome": "Pessoas ou grupos v\u00edtimas de viol\u00eancia", "descricao": "Pessoas ou grupos v\u00edtimas de viol\u00eancia"}}, {"model": "atividades.publico", "pk": 5, "fields": {"nome": "Pessoas em sofrimento ps\u00edquico", "descricao": "Pessoas em sofrimento ps\u00edquico"}}, {"model": "atividades.publico", "pk": 6, "fields": {"nome": "Popula\u00e7\u00e3o em situa\u00e7\u00e3o de rua", "descricao": "Popula\u00e7\u00e3o em situa\u00e7\u00e3o de rua"}}, {"model": "atividades.publico", "pk": 7, "fields": {"nome": "Catadores de material recicl\u00e1vel", "descricao": "Catadores de material recicl\u00e1vel"}}, {"model": "atividades.publico", "pk": 8, "fields": {"nome": "Atingidos por empreendimento de Infraestrutura", "descricao": "Atingidos por empreendimento de Infraestrutura"}}, {"model": "atividades.publico", "pk": 9, "fields": {"nome": "Imigrantes", "descricao": "Imigrantes"}}, {"model": "atividades.publico", "pk": 10, "fields": {"nome": "Familias acampadas", "descricao": "Familias acampadas"}}, {"model": "atividades.publico", "pk": 11, "fields": {"nome": "Agricultores familiares", "descricao": "Agricultores familiares"}}, {"model": "atividades.publico", "pk": 12, "fields": {"nome": "Assentados da Reforma Agr\u00e1ria", "descricao": "Assentados da Reforma Agr\u00e1ria"}}, {"model": "atividades.publico", "pk": 13, "fields": {"nome": "Povos e Comunidades Tradicionais de Matriz Africana", "descricao": "Povos e Comunidades Tradicionais de Matriz Africana"}}, {"model": "atividades.publico", "pk": 14, "fields": {"nome": "Quilombolas", "descricao": "Quilombolas"}}, {"model": "atividades.publico", "pk": 15, "fields": {"nome": "Ind\u00edgenas", "descricao": "Ind\u00edgenas"}}, {"model": "atividades.publico", "pk": 16, "fields": {"nome": "Extrativistas", "descricao": "Extrativistas"}}, {"model": "atividades.publico", "pk": 17, "fields": {"nome": "Pescadores artesanais", "descricao": "Pescadores artesanais"}}, {"model": "atividades.publico", "pk": 18, "fields": {"nome": "Ribeirinhos", "descricao": "Ribeirinhos"}}, {"model": "atividades.publico", "pk": 19, "fields": {"nome": "Sertanejos", "descricao": "Sertanejos"}}, {"model": "atividades.publico", "pk": 20, "fields": {"nome": "Ciganos", "descricao": "Ciganos"}}, {"model": "atividades.publico", "pk": 21, "fields": {"nome": "Popula\u00e7\u00e3o LGBT", "descricao": "Popula\u00e7\u00e3o de L\u00e9sbicas, Gays, Bissexuais, Travestis, Transexuais e Transg\u00eaneros -LGBT"}}, {"model": "atividades.publico", "pk": 22, "fields": {"nome": "Mulheres", "descricao": "Mulheres"}}, {"model": "atividades.publico", "pk": 23, "fields": {"nome": "Pessoas com defici\u00eancia", "descricao": "Pessoas com defici\u00eancia"}}, {"model": "atividades.publico", "pk": 24, "fields": {"nome": "Popula\u00e7\u00e3o negra", "descricao": "Popula\u00e7\u00e3o negra"}}, {"model": "atividades.publico", "pk": 25, "fields": {"nome": "Estudantes", "descricao": "Estudantes"}}, {"model": "atividades.publico", "pk": 26, "fields": {"nome": "Grupos Art\u00edsticos e Culturais Independentes", "descricao": "Grupos Art\u00edsticos e Culturais Independentes"}}, {"model": "atividades.publico", "pk": 27, "fields": {"nome": "Mestres, praticantes, brincantes e grupos das culturas populares, urbanas e rurais", "descricao": "Mestres, praticantes, brincantes e grupos das culturas populares, urbanas e rurais"}}, {"model": "atividades.publico", "pk": 28, "fields": {"nome": "N\u00e3o espec\u00edfico", "descricao": "N\u00e3o espec\u00edfico"}}, {"model": "atividades.faixasetaria", "pk": 1, "fields": {"nome": "Crian\u00e7as", "descricao": "Crian\u00e7as"}}, {"model": "atividades.faixasetaria", "pk": 2, "fields": {"nome": "Adolescentes", "descricao": "Adolescentes"}}, {"model": "atividades.faixasetaria", "pk": 3, "fields": {"nome": "Jovens", "descricao": "Jovens"}}, {"model": "atividades.faixasetaria", "pk": 4, "fields": {"nome": "Adultos", "descricao": "Adultos"}}, {"model": "atividades.faixasetaria", "pk": 5, "fields": {"nome": "Idosos", "descricao": "Idosos"}}, {"model": "atividades.faixasetaria", "pk": 6, "fields": {"nome": "Livre", "descricao": "Livre"}}, {"model": "atividades.periodicidade", "pk": 1, "fields": {"nome": "Di\u00e1rio", "descricao": "Di\u00e1rio"}}, {"model": "atividades.periodicidade", "pk": 2, "fields": {"nome": "Semanal", "descricao": "Semanal"}}, {"model": "atividades.periodicidade", "pk": 3, "fields": {"nome": "Quinzenal", "descricao": "Quinzenal"}}, {"model": "atividades.periodicidade", "pk": 4, "fields": {"nome": "Mensal", "descricao": "Mensal"}}, {"model": "atividades.periodicidade", "pk": 5, "fields": {"nome": "N\u00e3o se repete\u00a0- atividade pontual", "descricao": "N\u00e3o se repete\u00a0- atividade pontual"}}]