[{"model": "contenttypes.contenttype", "pk": 1, "fields": {"app_label": "auth", "model": "permission"}}, {"model": "contenttypes.contenttype", "pk": 2, "fields": {"app_label": "auth", "model": "group"}}, {"model": "contenttypes.contenttype", "pk": 3, "fields": {"app_label": "auth", "model": "user"}}, {"model": "contenttypes.contenttype", "pk": 4, "fields": {"app_label": "contenttypes", "model": "contenttype"}}, {"model": "contenttypes.contenttype", "pk": 5, "fields": {"app_label": "sessions", "model": "session"}}, {"model": "contenttypes.contenttype", "pk": 6, "fields": {"app_label": "admin", "model": "logentry"}}, {"model": "contenttypes.contenttype", "pk": 11, "fields": {"app_label": "atividades", "model": "publico"}}, {"model": "contenttypes.contenttype", "pk": 12, "fields": {"app_label": "atividades", "model": "abrangencia"}}, {"model": "contenttypes.contenttype", "pk": 13, "fields": {"app_label": "atividades", "model": "periodicidade"}}, {"model": "contenttypes.contenttype", "pk": 17, "fields": {"app_label": "atividades", "model": "tipo"}}, {"model": "contenttypes.contenttype", "pk": 18, "fields": {"app_label": "atividades", "model": "espaco"}}, {"model": "contenttypes.contenttype", "pk": 19, "fields": {"app_label": "atividades", "model": "faixasetaria"}}, {"model": "contenttypes.contenttype", "pk": 20, "fields": {"app_label": "atividades", "model": "parceiro"}}, {"model": "contenttypes.contenttype", "pk": 21, "fields": {"app_label": "atividades", "model": "area"}}, {"model": "contenttypes.contenttype", "pk": 22, "fields": {"app_label": "atividades", "model": "subarea"}}, {"model": "contenttypes.contenttype", "pk": 23, "fields": {"app_label": "atividades", "model": "atividade"}}, {"model": "sessions.session", "pk": "olc6gos0zhttryoow9j1rlxu1gj49t2f", "fields": {"session_data": "MzA5YTllY2M2NWUxNWVjNDM1OTg0MmQ1N2QxNjQ2YWYyN2VkZmYxYzp7Il9hdXRoX3VzZXJfaGFzaCI6IjBmNjZjYjg4MjhiNzExMDExZjZhYmU0NjNkNWRlZDcyMmRhYTU3ZGIiLCJfYXV0aF91c2VyX2JhY2tlbmQiOiJkamFuZ28uY29udHJpYi5hdXRoLmJhY2tlbmRzLk1vZGVsQmFja2VuZCIsIl9hdXRoX3VzZXJfaWQiOiIxIn0=", "expire_date": "2016-02-14T18:48:32.204Z"}}, {"model": "atividades.tipo", "pk": 1, "fields": {"nome": "Apresenta\u00e7\u00e3o", "descricao": "Apresenta\u00e7\u00e3o"}}, {"model": "atividades.tipo", "pk": 2, "fields": {"nome": "Atendimento", "descricao": "Atendimento"}}, {"model": "atividades.tipo", "pk": 3, "fields": {"nome": "Cormercializa\u00e7\u00e3o de produtos", "descricao": "Cormercializa\u00e7\u00e3o de produtos"}}, {"model": "atividades.tipo", "pk": 4, "fields": {"nome": "Curso", "descricao": "Curso"}}, {"model": "atividades.tipo", "pk": 5, "fields": {"nome": "Espet\u00e1tulo", "descricao": "Espet\u00e1tulo"}}, {"model": "atividades.tipo", "pk": 6, "fields": {"nome": "Exposi\u00e7\u00e3o", "descricao": "Exposi\u00e7\u00e3o"}}, {"model": "atividades.tipo", "pk": 7, "fields": {"nome": "Feira de trocas", "descricao": "Feira de trocas"}}, {"model": "atividades.tipo", "pk": 8, "fields": {"nome": "Oficina", "descricao": "Oficina"}}, {"model": "atividades.tipo", "pk": 9, "fields": {"nome": "Palestra", "descricao": "Palestra"}}, {"model": "atividades.tipo", "pk": 10, "fields": {"nome": "Reuni\u00e3o", "descricao": "Reuni\u00e3o"}}, {"model": "atividades.tipo", "pk": 11, "fields": {"nome": "Semin\u00e1rio", "descricao": "Semin\u00e1rio"}}, {"model": "atividades.tipo", "pk": 12, "fields": {"nome": "Show", "descricao": "Show"}}, {"model": "atividades.tipo", "pk": 13, "fields": {"nome": "Festas", "descricao": "Festas"}}, {"model": "atividades.tipo", "pk": 14, "fields": {"nome": "Outros", "descricao": "Outros"}}, {"model": "atividades.espaco", "pk": 1, "fields": {"nome": "Cineteatro", "descricao": "Cineteatro"}}, {"model": "atividades.espaco", "pk": 2, "fields": {"nome": "Biblioteca", "descricao": "Biblioteca"}}, {"model": "atividades.espaco", "pk": 3, "fields": {"nome": "Laborat\u00f3rio multim\u00eddia", "descricao": "Laborat\u00f3rio multim\u00eddia"}}, {"model": "atividades.espaco", "pk": 4, "fields": {"nome": "Quadra", "descricao": "Quadra"}}, {"model": "atividades.espaco", "pk": 5, "fields": {"nome": "Sala multiuso", "descricao": "Sala multiuso"}}, {"model": "atividades.espaco", "pk": 6, "fields": {"nome": "CRAS", "descricao": "CRAS"}}, {"model": "atividades.espaco", "pk": 7, "fields": {"nome": "Pista de skate", "descricao": "Pista de skate"}}, {"model": "atividades.espaco", "pk": 8, "fields": {"nome": "\u00c1reas externas", "descricao": "\u00c1reas externas"}}, {"model": "atividades.faixasetaria", "pk": 1, "fields": {"nome": "Crian\u00e7as", "descricao": "Crian\u00e7as"}}, {"model": "atividades.faixasetaria", "pk": 2, "fields": {"nome": "Adolescentes", "descricao": "Adolescentes"}}, {"model": "atividades.faixasetaria", "pk": 3, "fields": {"nome": "Jovens", "descricao": "Jovens"}}, {"model": "atividades.faixasetaria", "pk": 4, "fields": {"nome": "Adultos", "descricao": "Adultos"}}, {"model": "atividades.faixasetaria", "pk": 5, "fields": {"nome": "Idosos", "descricao": "Idosos"}}, {"model": "atividades.faixasetaria", "pk": 6, "fields": {"nome": "Livre", "descricao": "Livre"}}, {"model": "atividades.publico", "pk": 1, "fields": {"nome": "Egressos do sistema prisional", "descricao": "Egressos do sistema prisional"}}, {"model": "atividades.publico", "pk": 2, "fields": {"nome": "Fam\u00edlias de presos do sistema carcer\u00e1rio", "descricao": "Fam\u00edlias de presos do sistema carcer\u00e1rio"}}, {"model": "atividades.publico", "pk": 3, "fields": {"nome": "jovens em medidas socioeducativas", "descricao": "jovens em medidas socioeducativas"}}, {"model": "atividades.publico", "pk": 4, "fields": {"nome": "Pessoas ou grupos v\u00edtimas de viol\u00eancia", "descricao": "Pessoas ou grupos v\u00edtimas de viol\u00eancia"}}, {"model": "atividades.publico", "pk": 5, "fields": {"nome": "Pessoas em sofrimento ps\u00edquico", "descricao": "Pessoas em sofrimento ps\u00edquico"}}, {"model": "atividades.publico", "pk": 6, "fields": {"nome": "Popula\u00e7\u00e3o em situa\u00e7\u00e3o de rua", "descricao": "Popula\u00e7\u00e3o em situa\u00e7\u00e3o de rua"}}, {"model": "atividades.publico", "pk": 7, "fields": {"nome": "Catadores de material recicl\u00e1vel", "descricao": "Catadores de material recicl\u00e1vel"}}, {"model": "atividades.publico", "pk": 8, "fields": {"nome": "Atingidos por empreendimento de Infraestrutura", "descricao": "Atingidos por empreendimento de Infraestrutura"}}, {"model": "atividades.publico", "pk": 9, "fields": {"nome": "Imigrantes", "descricao": "Imigrantes"}}, {"model": "atividades.publico", "pk": 10, "fields": {"nome": "Familias acampadas", "descricao": "Familias acampadas"}}, {"model": "atividades.publico", "pk": 11, "fields": {"nome": "Agricultores familiares", "descricao": "Agricultores familiares"}}, {"model": "atividades.publico", "pk": 12, "fields": {"nome": "Assentados da Reforma Agr\u00e1ria", "descricao": "Assentados da Reforma Agr\u00e1ria"}}, {"model": "atividades.publico", "pk": 13, "fields": {"nome": "Povos e Comunidades Tradicionais de Matriz Africana", "descricao": "Povos e Comunidades Tradicionais de Matriz Africana"}}, {"model": "atividades.publico", "pk": 14, "fields": {"nome": "Quilombolas", "descricao": "Quilombolas"}}, {"model": "atividades.publico", "pk": 15, "fields": {"nome": "Ind\u00edgenas", "descricao": "Ind\u00edgenas"}}, {"model": "atividades.publico", "pk": 16, "fields": {"nome": "Extrativistas", "descricao": "Extrativistas"}}, {"model": "atividades.publico", "pk": 17, "fields": {"nome": "Pescadores artesanais", "descricao": "Pescadores artesanais"}}, {"model": "atividades.publico", "pk": 18, "fields": {"nome": "Ribeirinhos", "descricao": "Ribeirinhos"}}, {"model": "atividades.publico", "pk": 19, "fields": {"nome": "Sertanejos", "descricao": "Sertanejos"}}, {"model": "atividades.publico", "pk": 20, "fields": {"nome": "Ciganos", "descricao": "Ciganos"}}, {"model": "atividades.publico", "pk": 21, "fields": {"nome": "Popula\u00e7\u00e3o de L\u00e9sbicas, Gays, Bissexuais, Travestis, Transexuais e Transg\u00eaneros -LGBT", "descricao": "Popula\u00e7\u00e3o de L\u00e9sbicas, Gays, Bissexuais, Travestis, Transexuais e Transg\u00eaneros -LGBT"}}, {"model": "atividades.publico", "pk": 22, "fields": {"nome": "Mulheres", "descricao": "Mulheres"}}, {"model": "atividades.publico", "pk": 23, "fields": {"nome": "Pessoas com defici\u00eancia", "descricao": "Pessoas com defici\u00eancia"}}, {"model": "atividades.publico", "pk": 24, "fields": {"nome": "Popula\u00e7\u00e3o negra", "descricao": "Popula\u00e7\u00e3o negra"}}, {"model": "atividades.publico", "pk": 25, "fields": {"nome": "Estudantes", "descricao": "Estudantes"}}, {"model": "atividades.publico", "pk": 26, "fields": {"nome": "Grupos Art\u00edsticos e Culturais Independentes", "descricao": "Grupos Art\u00edsticos e Culturais Independentes"}}, {"model": "atividades.publico", "pk": 27, "fields": {"nome": "Mestres, praticantes, brincantes e grupos das culturas populares, urbanas e rurais", "descricao": "Mestres, praticantes, brincantes e grupos das culturas populares, urbanas e rurais"}}, {"model": "atividades.publico", "pk": 28, "fields": {"nome": "N\u00e3o espec\u00edfico", "descricao": "N\u00e3o espec\u00edfico"}}, {"model": "atividades.abrangencia", "pk": 1, "fields": {"nome": "Bairro da Pra\u00e7a CEU", "descricao": "Bairro da Pra\u00e7a CEU"}}, {"model": "atividades.abrangencia", "pk": 2, "fields": {"nome": "Bairros do entorno", "descricao": "Bairros do entorno"}}, {"model": "atividades.abrangencia", "pk": 3, "fields": {"nome": "Munic\u00edpio", "descricao": "Munic\u00edpio"}}, {"model": "atividades.abrangencia", "pk": 4, "fields": {"nome": "Munic\u00edpios do entorno", "descricao": "Munic\u00edpios do entorno"}}, {"model": "atividades.abrangencia", "pk": 5, "fields": {"nome": "Estado", "descricao": "Estado"}}, {"model": "atividades.periodicidade", "pk": 1, "fields": {"nome": "Di\u00e1rio", "descricao": "Di\u00e1rio"}}, {"model": "atividades.periodicidade", "pk": 2, "fields": {"nome": "Semanal", "descricao": "Semanal"}}, {"model": "atividades.periodicidade", "pk": 3, "fields": {"nome": "Quinzenal", "descricao": "Quinzenal"}}, {"model": "atividades.periodicidade", "pk": 4, "fields": {"nome": "Mensal", "descricao": "Mensal"}}, {"model": "atividades.periodicidade", "pk": 5, "fields": {"nome": "N\u00e3o se repete", "descricao": "N\u00e3o se repete"}}, {"model": "atividades.area", "pk": 1, "fields": {"nome": "Artes C\u00eanicas", "descricao": "Artes C\u00eanicas"}}, {"model": "atividades.area", "pk": 2, "fields": {"nome": "Audiovisual", "descricao": "Audiovisual"}}, {"model": "atividades.area", "pk": 3, "fields": {"nome": "M\u00fasica", "descricao": "M\u00fasica"}}, {"model": "atividades.area", "pk": 4, "fields": {"nome": "Artes Visuais", "descricao": "Artes Visuais"}}, {"model": "atividades.area", "pk": 5, "fields": {"nome": "Patrim\u00f4nio Cultural", "descricao": "Patrim\u00f4nio Cultural"}}, {"model": "atividades.area", "pk": 6, "fields": {"nome": "Livro, Leitura e Literatura", "descricao": "Livro, Leitura e Literatura"}}, {"model": "atividades.area", "pk": 8, "fields": {"nome": "Esportes", "descricao": "Esportes"}}, {"model": "atividades.area", "pk": 9, "fields": {"nome": "Assist\u00eancia Social", "descricao": "Assist\u00eancia Social"}}, {"model": "atividades.area", "pk": 10, "fields": {"nome": "Sa\u00fade", "descricao": "Sa\u00fade"}}, {"model": "atividades.area", "pk": 11, "fields": {"nome": "Outros", "descricao": "Outros"}}, {"model": "atividades.subarea", "pk": 1, "fields": {"area": 1, "nome": "Circo", "descricao": "Circo"}}, {"model": "atividades.subarea", "pk": 2, "fields": {"area": 1, "nome": "Dan\u00e7a", "descricao": "Dan\u00e7a"}}, {"model": "atividades.subarea", "pk": 3, "fields": {"area": 1, "nome": "M\u00edmica", "descricao": "M\u00edmica"}}, {"model": "atividades.subarea", "pk": 4, "fields": {"area": 1, "nome": "\u00d3pera", "descricao": "\u00d3pera"}}, {"model": "atividades.subarea", "pk": 5, "fields": {"area": 1, "nome": "Teatro", "descricao": "Teatro"}}, {"model": "atividades.subarea", "pk": 6, "fields": {"area": 2, "nome": "Exibi\u00e7\u00e3o Cinematogr\u00e1fica", "descricao": "Exibi\u00e7\u00e3o Cinematogr\u00e1fica"}}, {"model": "atividades.subarea", "pk": 7, "fields": {"area": 2, "nome": "Preserva\u00e7\u00e3o/Restaura\u00e7\u00e3o da Mem\u00f3ria Cinematogr\u00e1fica", "descricao": "Preserva\u00e7\u00e3o/Restaura\u00e7\u00e3o da Mem\u00f3ria Cinematogr\u00e1fica"}}, {"model": "atividades.subarea", "pk": 8, "fields": {"area": 2, "nome": "Produ\u00e7\u00e3o Cinematogr\u00e1fica", "descricao": "Produ\u00e7\u00e3o Cinematogr\u00e1fica"}}, {"model": "atividades.subarea", "pk": 9, "fields": {"area": 2, "nome": "Produ\u00e7\u00e3o Radiof\u00f4nica", "descricao": "Produ\u00e7\u00e3o Radiof\u00f4nica"}}, {"model": "atividades.subarea", "pk": 10, "fields": {"area": 2, "nome": "Produ\u00e7\u00e3o Televisiva", "descricao": "Produ\u00e7\u00e3o Televisiva"}}, {"model": "atividades.subarea", "pk": 11, "fields": {"area": 2, "nome": "R\u00e1dios/TVs Comunit\u00e1rias", "descricao": "R\u00e1dios/TVs Comunit\u00e1rias"}}, {"model": "atividades.subarea", "pk": 12, "fields": {"area": 3, "nome": "M\u00fasica Erudita", "descricao": "M\u00fasica Erudita"}}, {"model": "atividades.subarea", "pk": 13, "fields": {"area": 3, "nome": "M\u00fasica Instrumental", "descricao": "M\u00fasica Instrumental"}}, {"model": "atividades.subarea", "pk": 14, "fields": {"area": 3, "nome": "M\u00fasica Popular", "descricao": "M\u00fasica Popular"}}, {"model": "atividades.subarea", "pk": 15, "fields": {"area": 3, "nome": "Orquestra", "descricao": "Orquestra"}}, {"model": "atividades.subarea", "pk": 16, "fields": {"area": 3, "nome": "M\u00fasica em Geral", "descricao": "M\u00fasica em Geral"}}, {"model": "atividades.subarea", "pk": 17, "fields": {"area": 4, "nome": "Fotografia", "descricao": "Fotografia"}}, {"model": "atividades.subarea", "pk": 18, "fields": {"area": 4, "nome": "Gr\u00e1ficas", "descricao": "Gr\u00e1ficas"}}, {"model": "atividades.subarea", "pk": 19, "fields": {"area": 4, "nome": "Pl\u00e1sticas", "descricao": "Pl\u00e1sticas"}}, {"model": "atividades.subarea", "pk": 20, "fields": {"area": 5, "nome": "Acervo", "descricao": "Acervo"}}, {"model": "atividades.subarea", "pk": 21, "fields": {"area": 5, "nome": "Acervo", "descricao": "Acervo"}}, {"model": "atividades.subarea", "pk": 22, "fields": {"area": 5, "nome": "Afro Brasileira", "descricao": "Afro Brasileira"}}, {"model": "atividades.subarea", "pk": 23, "fields": {"area": 5, "nome": "Arqueol\u00f3gico", "descricao": "Arqueol\u00f3gico"}}, {"model": "atividades.subarea", "pk": 24, "fields": {"area": 5, "nome": "Arquitet\u00f4nico", "descricao": "Arquitet\u00f4nico"}}, {"model": "atividades.subarea", "pk": 25, "fields": {"area": 5, "nome": "Artesanato", "descricao": "Artesanato"}}, {"model": "atividades.subarea", "pk": 26, "fields": {"area": 5, "nome": "Ecol\u00f3gico", "descricao": "Ecol\u00f3gico"}}, {"model": "atividades.subarea", "pk": 27, "fields": {"area": 5, "nome": "Folclore", "descricao": "Folclore"}}, {"model": "atividades.subarea", "pk": 28, "fields": {"area": 5, "nome": "Hist\u00f3rico", "descricao": "Hist\u00f3rico"}}, {"model": "atividades.subarea", "pk": 29, "fields": {"area": 5, "nome": "Ind\u00edgena", "descricao": "Ind\u00edgena"}}, {"model": "atividades.subarea", "pk": 30, "fields": {"area": 5, "nome": "Museu", "descricao": "Museu"}}, {"model": "atividades.subarea", "pk": 31, "fields": {"area": 6, "nome": "Edi\u00e7\u00e3o de Livros e outros", "descricao": "Edi\u00e7\u00e3o de Livros e outros"}}, {"model": "atividades.subarea", "pk": 32, "fields": {"area": 6, "nome": "Evento liter\u00e1rio", "descricao": "Evento liter\u00e1rio"}}, {"model": "atividades.subarea", "pk": 33, "fields": {"area": 6, "nome": "Leitura", "descricao": "Leitura"}}, {"model": "atividades.subarea", "pk": 34, "fields": {"area": 6, "nome": "Conta\u00e7\u00e3o de hist\u00f3ria", "descricao": "Conta\u00e7\u00e3o de hist\u00f3ria"}}, {"model": "atividades.subarea", "pk": 35, "fields": {"area": 6, "nome": "Sarau", "descricao": "Sarau"}}, {"model": "atividades.subarea", "pk": 36, "fields": {"area": 6, "nome": "Outros", "descricao": "Outros"}}, {"model": "atividades.subarea", "pk": 37, "fields": {"area": 6, "nome": "Futebol", "descricao": "Futebol"}}, {"model": "atividades.subarea", "pk": 38, "fields": {"area": 8, "nome": "V\u00f4lei", "descricao": "V\u00f4lei"}}, {"model": "atividades.subarea", "pk": 39, "fields": {"area": 8, "nome": "Basquete", "descricao": "Basquete"}}, {"model": "atividades.subarea", "pk": 40, "fields": {"area": 8, "nome": "Skate", "descricao": "Skate"}}, {"model": "atividades.subarea", "pk": 41, "fields": {"area": 8, "nome": "Handebol", "descricao": "Handebol"}}, {"model": "atividades.subarea", "pk": 42, "fields": {"area": 8, "nome": "Futev\u00f4lei", "descricao": "Futev\u00f4lei"}}, {"model": "atividades.subarea", "pk": 43, "fields": {"area": 8, "nome": "Capoeira", "descricao": "Capoeira"}}, {"model": "atividades.subarea", "pk": 44, "fields": {"area": 8, "nome": "Outros", "descricao": "Outros"}}, {"model": "atividades.subarea", "pk": 45, "fields": {"area": 9, "nome": "--", "descricao": "--"}}, {"model": "atividades.subarea", "pk": 46, "fields": {"area": 10, "nome": "--", "descricao": "--"}}, {"model": "auth.permission", "pk": 1, "fields": {"name": "Can add permission", "content_type": 1, "codename": "add_permission"}}, {"model": "auth.permission", "pk": 2, "fields": {"name": "Can change permission", "content_type": 1, "codename": "change_permission"}}, {"model": "auth.permission", "pk": 3, "fields": {"name": "Can delete permission", "content_type": 1, "codename": "delete_permission"}}, {"model": "auth.permission", "pk": 4, "fields": {"name": "Can add group", "content_type": 2, "codename": "add_group"}}, {"model": "auth.permission", "pk": 5, "fields": {"name": "Can change group", "content_type": 2, "codename": "change_group"}}, {"model": "auth.permission", "pk": 6, "fields": {"name": "Can delete group", "content_type": 2, "codename": "delete_group"}}, {"model": "auth.permission", "pk": 7, "fields": {"name": "Can add user", "content_type": 3, "codename": "add_user"}}, {"model": "auth.permission", "pk": 8, "fields": {"name": "Can change user", "content_type": 3, "codename": "change_user"}}, {"model": "auth.permission", "pk": 9, "fields": {"name": "Can delete user", "content_type": 3, "codename": "delete_user"}}, {"model": "auth.permission", "pk": 10, "fields": {"name": "Can add content type", "content_type": 4, "codename": "add_contenttype"}}, {"model": "auth.permission", "pk": 11, "fields": {"name": "Can change content type", "content_type": 4, "codename": "change_contenttype"}}, {"model": "auth.permission", "pk": 12, "fields": {"name": "Can delete content type", "content_type": 4, "codename": "delete_contenttype"}}, {"model": "auth.permission", "pk": 13, "fields": {"name": "Can add session", "content_type": 5, "codename": "add_session"}}, {"model": "auth.permission", "pk": 14, "fields": {"name": "Can change session", "content_type": 5, "codename": "change_session"}}, {"model": "auth.permission", "pk": 15, "fields": {"name": "Can delete session", "content_type": 5, "codename": "delete_session"}}, {"model": "auth.permission", "pk": 16, "fields": {"name": "Can add log entry", "content_type": 6, "codename": "add_logentry"}}, {"model": "auth.permission", "pk": 17, "fields": {"name": "Can change log entry", "content_type": 6, "codename": "change_logentry"}}, {"model": "auth.permission", "pk": 18, "fields": {"name": "Can delete log entry", "content_type": 6, "codename": "delete_logentry"}}, {"model": "auth.permission", "pk": 31, "fields": {"name": "Can add publico", "content_type": 11, "codename": "add_publico"}}, {"model": "auth.permission", "pk": 32, "fields": {"name": "Can change publico", "content_type": 11, "codename": "change_publico"}}, {"model": "auth.permission", "pk": 33, "fields": {"name": "Can delete publico", "content_type": 11, "codename": "delete_publico"}}, {"model": "auth.permission", "pk": 34, "fields": {"name": "Can add abrangencia", "content_type": 12, "codename": "add_abrangencia"}}, {"model": "auth.permission", "pk": 35, "fields": {"name": "Can change abrangencia", "content_type": 12, "codename": "change_abrangencia"}}, {"model": "auth.permission", "pk": 36, "fields": {"name": "Can delete abrangencia", "content_type": 12, "codename": "delete_abrangencia"}}, {"model": "auth.permission", "pk": 37, "fields": {"name": "Can add periodicidade", "content_type": 13, "codename": "add_periodicidade"}}, {"model": "auth.permission", "pk": 38, "fields": {"name": "Can change periodicidade", "content_type": 13, "codename": "change_periodicidade"}}, {"model": "auth.permission", "pk": 39, "fields": {"name": "Can delete periodicidade", "content_type": 13, "codename": "delete_periodicidade"}}, {"model": "auth.permission", "pk": 49, "fields": {"name": "Can add tipo", "content_type": 17, "codename": "add_tipo"}}, {"model": "auth.permission", "pk": 50, "fields": {"name": "Can change tipo", "content_type": 17, "codename": "change_tipo"}}, {"model": "auth.permission", "pk": 51, "fields": {"name": "Can delete tipo", "content_type": 17, "codename": "delete_tipo"}}, {"model": "auth.permission", "pk": 52, "fields": {"name": "Can add espaco", "content_type": 18, "codename": "add_espaco"}}, {"model": "auth.permission", "pk": 53, "fields": {"name": "Can change espaco", "content_type": 18, "codename": "change_espaco"}}, {"model": "auth.permission", "pk": 54, "fields": {"name": "Can delete espaco", "content_type": 18, "codename": "delete_espaco"}}, {"model": "auth.permission", "pk": 55, "fields": {"name": "Can add faixas etaria", "content_type": 19, "codename": "add_faixasetaria"}}, {"model": "auth.permission", "pk": 56, "fields": {"name": "Can change faixas etaria", "content_type": 19, "codename": "change_faixasetaria"}}, {"model": "auth.permission", "pk": 57, "fields": {"name": "Can delete faixas etaria", "content_type": 19, "codename": "delete_faixasetaria"}}, {"model": "auth.permission", "pk": 58, "fields": {"name": "Can add parceiro", "content_type": 20, "codename": "add_parceiro"}}, {"model": "auth.permission", "pk": 59, "fields": {"name": "Can change parceiro", "content_type": 20, "codename": "change_parceiro"}}, {"model": "auth.permission", "pk": 60, "fields": {"name": "Can delete parceiro", "content_type": 20, "codename": "delete_parceiro"}}, {"model": "auth.permission", "pk": 61, "fields": {"name": "Can add area", "content_type": 21, "codename": "add_area"}}, {"model": "auth.permission", "pk": 62, "fields": {"name": "Can change area", "content_type": 21, "codename": "change_area"}}, {"model": "auth.permission", "pk": 63, "fields": {"name": "Can delete area", "content_type": 21, "codename": "delete_area"}}, {"model": "auth.permission", "pk": 64, "fields": {"name": "Can add subarea", "content_type": 22, "codename": "add_subarea"}}, {"model": "auth.permission", "pk": 65, "fields": {"name": "Can change subarea", "content_type": 22, "codename": "change_subarea"}}, {"model": "auth.permission", "pk": 66, "fields": {"name": "Can delete subarea", "content_type": 22, "codename": "delete_subarea"}}, {"model": "auth.permission", "pk": 67, "fields": {"name": "Can add atividade", "content_type": 23, "codename": "add_atividade"}}, {"model": "auth.permission", "pk": 68, "fields": {"name": "Can change atividade", "content_type": 23, "codename": "change_atividade"}}, {"model": "auth.permission", "pk": 69, "fields": {"name": "Can delete atividade", "content_type": 23, "codename": "delete_atividade"}}, {"model": "auth.user", "pk": 1, "fields": {"password": "pbkdf2_sha256$24000$59ck457xEjND$jSTQMMmDFaVxx6v8itB3YZZ7qWlZfFwxB0p8lzsyKNQ=", "last_login": "2016-01-31T18:48:32.201Z", "is_superuser": true, "username": "admin", "first_name": "", "last_name": "", "email": "cgti@cultura.gov.br", "is_staff": true, "is_active": true, "date_joined": "2016-01-31T18:48:19.709Z", "groups": [], "user_permissions": []}}, {"model": "admin.logentry", "pk": 1, "fields": {"action_time": "2016-01-31T18:58:25.811Z", "user": 1, "content_type": 17, "object_id": "1", "object_repr": "Tipo object", "action_flag": 1, "change_message": "Added."}}, {"model": "admin.logentry", "pk": 2, "fields": {"action_time": "2016-01-31T18:58:39.139Z", "user": 1, "content_type": 17, "object_id": "2", "object_repr": "Tipo object", "action_flag": 1, "change_message": "Added."}}, {"model": "admin.logentry", "pk": 3, "fields": {"action_time": "2016-01-31T18:58:48.649Z", "user": 1, "content_type": 17, "object_id": "3", "object_repr": "Tipo object", "action_flag": 1, "change_message": "Added."}}, {"model": "admin.logentry", "pk": 4, "fields": {"action_time": "2016-01-31T18:58:57.237Z", "user": 1, "content_type": 17, "object_id": "4", "object_repr": "Tipo object", "action_flag": 1, "change_message": "Added."}}, {"model": "admin.logentry", "pk": 5, "fields": {"action_time": "2016-01-31T18:59:05.227Z", "user": 1, "content_type": 17, "object_id": "5", "object_repr": "Tipo object", "action_flag": 1, "change_message": "Added."}}, {"model": "admin.logentry", "pk": 6, "fields": {"action_time": "2016-01-31T18:59:12.057Z", "user": 1, "content_type": 17, "object_id": "6", "object_repr": "Tipo object", "action_flag": 1, "change_message": "Added."}}, {"model": "admin.logentry", "pk": 7, "fields": {"action_time": "2016-01-31T18:59:19.162Z", "user": 1, "content_type": 17, "object_id": "7", "object_repr": "Tipo object", "action_flag": 1, "change_message": "Added."}}, {"model": "admin.logentry", "pk": 8, "fields": {"action_time": "2016-01-31T18:59:27.652Z", "user": 1, "content_type": 17, "object_id": "8", "object_repr": "Tipo object", "action_flag": 1, "change_message": "Added."}}, {"model": "admin.logentry", "pk": 9, "fields": {"action_time": "2016-01-31T18:59:35.565Z", "user": 1, "content_type": 17, "object_id": "9", "object_repr": "Tipo object", "action_flag": 1, "change_message": "Added."}}, {"model": "admin.logentry", "pk": 10, "fields": {"action_time": "2016-01-31T18:59:41.943Z", "user": 1, "content_type": 17, "object_id": "10", "object_repr": "Tipo object", "action_flag": 1, "change_message": "Added."}}, {"model": "admin.logentry", "pk": 11, "fields": {"action_time": "2016-01-31T18:59:48.296Z", "user": 1, "content_type": 17, "object_id": "11", "object_repr": "Tipo object", "action_flag": 1, "change_message": "Added."}}, {"model": "admin.logentry", "pk": 12, "fields": {"action_time": "2016-01-31T18:59:55.765Z", "user": 1, "content_type": 17, "object_id": "12", "object_repr": "Tipo object", "action_flag": 1, "change_message": "Added."}}, {"model": "admin.logentry", "pk": 13, "fields": {"action_time": "2016-01-31T19:00:03.771Z", "user": 1, "content_type": 17, "object_id": "13", "object_repr": "Tipo object", "action_flag": 1, "change_message": "Added."}}, {"model": "admin.logentry", "pk": 14, "fields": {"action_time": "2016-01-31T19:00:14.368Z", "user": 1, "content_type": 17, "object_id": "14", "object_repr": "Tipo object", "action_flag": 1, "change_message": "Added."}}, {"model": "admin.logentry", "pk": 15, "fields": {"action_time": "2016-01-31T19:00:29.424Z", "user": 1, "content_type": 21, "object_id": "1", "object_repr": "Area object", "action_flag": 1, "change_message": "Added."}}, {"model": "admin.logentry", "pk": 16, "fields": {"action_time": "2016-01-31T19:00:36.593Z", "user": 1, "content_type": 21, "object_id": "2", "object_repr": "Area object", "action_flag": 1, "change_message": "Added."}}, {"model": "admin.logentry", "pk": 17, "fields": {"action_time": "2016-01-31T19:00:45.558Z", "user": 1, "content_type": 21, "object_id": "3", "object_repr": "Area object", "action_flag": 1, "change_message": "Added."}}, {"model": "admin.logentry", "pk": 18, "fields": {"action_time": "2016-01-31T19:00:52.647Z", "user": 1, "content_type": 21, "object_id": "4", "object_repr": "Area object", "action_flag": 1, "change_message": "Added."}}, {"model": "admin.logentry", "pk": 19, "fields": {"action_time": "2016-01-31T19:00:58.814Z", "user": 1, "content_type": 21, "object_id": "5", "object_repr": "Area object", "action_flag": 1, "change_message": "Added."}}, {"model": "admin.logentry", "pk": 20, "fields": {"action_time": "2016-01-31T19:01:05.240Z", "user": 1, "content_type": 21, "object_id": "6", "object_repr": "Area object", "action_flag": 1, "change_message": "Added."}}, {"model": "admin.logentry", "pk": 21, "fields": {"action_time": "2016-01-31T19:01:44.529Z", "user": 1, "content_type": 21, "object_id": "7", "object_repr": "Area object", "action_flag": 1, "change_message": "Added."}}, {"model": "admin.logentry", "pk": 22, "fields": {"action_time": "2016-01-31T19:01:52.394Z", "user": 1, "content_type": 21, "object_id": "8", "object_repr": "Area object", "action_flag": 1, "change_message": "Added."}}, {"model": "admin.logentry", "pk": 23, "fields": {"action_time": "2016-01-31T19:01:58.829Z", "user": 1, "content_type": 21, "object_id": "9", "object_repr": "Area object", "action_flag": 1, "change_message": "Added."}}, {"model": "admin.logentry", "pk": 24, "fields": {"action_time": "2016-01-31T19:02:05.235Z", "user": 1, "content_type": 21, "object_id": "10", "object_repr": "Area object", "action_flag": 1, "change_message": "Added."}}, {"model": "admin.logentry", "pk": 25, "fields": {"action_time": "2016-01-31T19:02:12.936Z", "user": 1, "content_type": 21, "object_id": "11", "object_repr": "Area object", "action_flag": 1, "change_message": "Added."}}, {"model": "admin.logentry", "pk": 26, "fields": {"action_time": "2016-01-31T19:03:11.531Z", "user": 1, "content_type": 22, "object_id": "1", "object_repr": "Subarea object", "action_flag": 1, "change_message": "Added."}}, {"model": "admin.logentry", "pk": 27, "fields": {"action_time": "2016-01-31T19:03:25.428Z", "user": 1, "content_type": 22, "object_id": "2", "object_repr": "Subarea object", "action_flag": 1, "change_message": "Added."}}, {"model": "admin.logentry", "pk": 28, "fields": {"action_time": "2016-01-31T19:03:34.523Z", "user": 1, "content_type": 22, "object_id": "3", "object_repr": "Subarea object", "action_flag": 1, "change_message": "Added."}}, {"model": "admin.logentry", "pk": 29, "fields": {"action_time": "2016-01-31T19:03:50.355Z", "user": 1, "content_type": 22, "object_id": "4", "object_repr": "Subarea object", "action_flag": 1, "change_message": "Added."}}, {"model": "admin.logentry", "pk": 30, "fields": {"action_time": "2016-01-31T19:03:55.185Z", "user": 1, "content_type": 22, "object_id": "5", "object_repr": "Subarea object", "action_flag": 1, "change_message": "Added."}}, {"model": "admin.logentry", "pk": 31, "fields": {"action_time": "2016-01-31T19:04:13.318Z", "user": 1, "content_type": 22, "object_id": "6", "object_repr": "Subarea object", "action_flag": 1, "change_message": "Added."}}, {"model": "admin.logentry", "pk": 32, "fields": {"action_time": "2016-01-31T19:05:29.060Z", "user": 1, "content_type": 22, "object_id": "7", "object_repr": "Subarea object", "action_flag": 1, "change_message": "Added."}}, {"model": "admin.logentry", "pk": 33, "fields": {"action_time": "2016-01-31T19:05:36.764Z", "user": 1, "content_type": 22, "object_id": "8", "object_repr": "Subarea object", "action_flag": 1, "change_message": "Added."}}, {"model": "admin.logentry", "pk": 34, "fields": {"action_time": "2016-01-31T19:05:45.640Z", "user": 1, "content_type": 22, "object_id": "9", "object_repr": "Subarea object", "action_flag": 1, "change_message": "Added."}}, {"model": "admin.logentry", "pk": 35, "fields": {"action_time": "2016-01-31T19:05:54.248Z", "user": 1, "content_type": 22, "object_id": "10", "object_repr": "Subarea object", "action_flag": 1, "change_message": "Added."}}, {"model": "admin.logentry", "pk": 36, "fields": {"action_time": "2016-01-31T19:06:02.002Z", "user": 1, "content_type": 22, "object_id": "11", "object_repr": "Subarea object", "action_flag": 1, "change_message": "Added."}}, {"model": "admin.logentry", "pk": 37, "fields": {"action_time": "2016-01-31T19:18:25.832Z", "user": 1, "content_type": 22, "object_id": "12", "object_repr": "M\u00fasica Erudita", "action_flag": 1, "change_message": ""}}, {"model": "admin.logentry", "pk": 38, "fields": {"action_time": "2016-01-31T19:18:40.691Z", "user": 1, "content_type": 22, "object_id": "13", "object_repr": "M\u00fasica Instrumental", "action_flag": 1, "change_message": ""}}, {"model": "admin.logentry", "pk": 39, "fields": {"action_time": "2016-01-31T19:18:51.713Z", "user": 1, "content_type": 22, "object_id": "14", "object_repr": "M\u00fasica Popular", "action_flag": 1, "change_message": ""}}, {"model": "admin.logentry", "pk": 40, "fields": {"action_time": "2016-01-31T19:19:01.051Z", "user": 1, "content_type": 22, "object_id": "15", "object_repr": "Orquestra", "action_flag": 1, "change_message": ""}}, {"model": "admin.logentry", "pk": 41, "fields": {"action_time": "2016-01-31T19:19:13.180Z", "user": 1, "content_type": 22, "object_id": "16", "object_repr": "M\u00fasica em Geral", "action_flag": 1, "change_message": ""}}, {"model": "admin.logentry", "pk": 42, "fields": {"action_time": "2016-01-31T19:19:22.978Z", "user": 1, "content_type": 22, "object_id": "17", "object_repr": "Fotografia", "action_flag": 1, "change_message": ""}}, {"model": "admin.logentry", "pk": 43, "fields": {"action_time": "2016-01-31T19:19:32.563Z", "user": 1, "content_type": 22, "object_id": "18", "object_repr": "Gr\u00e1ficas", "action_flag": 1, "change_message": ""}}, {"model": "admin.logentry", "pk": 44, "fields": {"action_time": "2016-01-31T19:19:44.127Z", "user": 1, "content_type": 22, "object_id": "19", "object_repr": "Pl\u00e1sticas", "action_flag": 1, "change_message": ""}}, {"model": "admin.logentry", "pk": 45, "fields": {"action_time": "2016-01-31T19:20:05.908Z", "user": 1, "content_type": 22, "object_id": "20", "object_repr": "Acervo", "action_flag": 1, "change_message": ""}}, {"model": "admin.logentry", "pk": 46, "fields": {"action_time": "2016-01-31T19:22:17.296Z", "user": 1, "content_type": 22, "object_id": "21", "object_repr": "Acervo", "action_flag": 1, "change_message": ""}}, {"model": "admin.logentry", "pk": 47, "fields": {"action_time": "2016-01-31T19:22:24.599Z", "user": 1, "content_type": 22, "object_id": "22", "object_repr": "Afro Brasileira", "action_flag": 1, "change_message": ""}}, {"model": "admin.logentry", "pk": 48, "fields": {"action_time": "2016-01-31T19:22:35.263Z", "user": 1, "content_type": 22, "object_id": "23", "object_repr": "Arqueol\u00f3gico", "action_flag": 1, "change_message": ""}}, {"model": "admin.logentry", "pk": 49, "fields": {"action_time": "2016-01-31T19:22:48.973Z", "user": 1, "content_type": 22, "object_id": "24", "object_repr": "Arquitet\u00f4nico", "action_flag": 1, "change_message": ""}}, {"model": "admin.logentry", "pk": 50, "fields": {"action_time": "2016-01-31T19:23:04.009Z", "user": 1, "content_type": 22, "object_id": "25", "object_repr": "Artesanato", "action_flag": 1, "change_message": ""}}, {"model": "admin.logentry", "pk": 51, "fields": {"action_time": "2016-01-31T19:23:13.160Z", "user": 1, "content_type": 22, "object_id": "26", "object_repr": "Ecol\u00f3gico", "action_flag": 1, "change_message": ""}}, {"model": "admin.logentry", "pk": 52, "fields": {"action_time": "2016-01-31T19:23:21.293Z", "user": 1, "content_type": 22, "object_id": "27", "object_repr": "Folclore", "action_flag": 1, "change_message": ""}}, {"model": "admin.logentry", "pk": 53, "fields": {"action_time": "2016-01-31T19:23:29.363Z", "user": 1, "content_type": 22, "object_id": "28", "object_repr": "Hist\u00f3rico", "action_flag": 1, "change_message": ""}}, {"model": "admin.logentry", "pk": 54, "fields": {"action_time": "2016-01-31T19:23:38.696Z", "user": 1, "content_type": 22, "object_id": "29", "object_repr": "Ind\u00edgena", "action_flag": 1, "change_message": ""}}, {"model": "admin.logentry", "pk": 55, "fields": {"action_time": "2016-01-31T19:23:47.635Z", "user": 1, "content_type": 22, "object_id": "30", "object_repr": "Museu", "action_flag": 1, "change_message": ""}}, {"model": "admin.logentry", "pk": 56, "fields": {"action_time": "2016-01-31T19:23:59.521Z", "user": 1, "content_type": 22, "object_id": "31", "object_repr": "Edi\u00e7\u00e3o de Livros e outros", "action_flag": 1, "change_message": ""}}, {"model": "admin.logentry", "pk": 57, "fields": {"action_time": "2016-01-31T19:24:10.610Z", "user": 1, "content_type": 22, "object_id": "32", "object_repr": "Evento liter\u00e1rio", "action_flag": 1, "change_message": ""}}, {"model": "admin.logentry", "pk": 58, "fields": {"action_time": "2016-01-31T19:24:19.834Z", "user": 1, "content_type": 22, "object_id": "33", "object_repr": "Leitura", "action_flag": 1, "change_message": ""}}, {"model": "admin.logentry", "pk": 59, "fields": {"action_time": "2016-01-31T19:24:29.050Z", "user": 1, "content_type": 22, "object_id": "34", "object_repr": "Conta\u00e7\u00e3o de hist\u00f3ria", "action_flag": 1, "change_message": ""}}, {"model": "admin.logentry", "pk": 60, "fields": {"action_time": "2016-01-31T19:24:38.800Z", "user": 1, "content_type": 22, "object_id": "35", "object_repr": "Sarau", "action_flag": 1, "change_message": ""}}, {"model": "admin.logentry", "pk": 61, "fields": {"action_time": "2016-01-31T19:24:47.793Z", "user": 1, "content_type": 22, "object_id": "36", "object_repr": "Outros", "action_flag": 1, "change_message": ""}}, {"model": "admin.logentry", "pk": 62, "fields": {"action_time": "2016-01-31T19:25:01.429Z", "user": 1, "content_type": 22, "object_id": "37", "object_repr": "Futebol", "action_flag": 1, "change_message": ""}}, {"model": "admin.logentry", "pk": 63, "fields": {"action_time": "2016-01-31T19:25:11.882Z", "user": 1, "content_type": 22, "object_id": "38", "object_repr": "V\u00f4lei", "action_flag": 1, "change_message": ""}}, {"model": "admin.logentry", "pk": 64, "fields": {"action_time": "2016-01-31T19:25:23.096Z", "user": 1, "content_type": 22, "object_id": "39", "object_repr": "Basquete", "action_flag": 1, "change_message": ""}}, {"model": "admin.logentry", "pk": 65, "fields": {"action_time": "2016-01-31T19:25:31.436Z", "user": 1, "content_type": 22, "object_id": "40", "object_repr": "Skate", "action_flag": 1, "change_message": ""}}, {"model": "admin.logentry", "pk": 66, "fields": {"action_time": "2016-01-31T19:25:40.782Z", "user": 1, "content_type": 22, "object_id": "41", "object_repr": "Handebol", "action_flag": 1, "change_message": ""}}, {"model": "admin.logentry", "pk": 67, "fields": {"action_time": "2016-01-31T19:25:48.207Z", "user": 1, "content_type": 22, "object_id": "42", "object_repr": "Futev\u00f4lei", "action_flag": 1, "change_message": ""}}, {"model": "admin.logentry", "pk": 68, "fields": {"action_time": "2016-01-31T19:25:55.835Z", "user": 1, "content_type": 22, "object_id": "43", "object_repr": "Capoeira", "action_flag": 1, "change_message": ""}}, {"model": "admin.logentry", "pk": 69, "fields": {"action_time": "2016-01-31T19:26:03.852Z", "user": 1, "content_type": 22, "object_id": "44", "object_repr": "Outros", "action_flag": 1, "change_message": ""}}, {"model": "admin.logentry", "pk": 70, "fields": {"action_time": "2016-01-31T19:26:17.897Z", "user": 1, "content_type": 22, "object_id": "45", "object_repr": "--", "action_flag": 1, "change_message": ""}}, {"model": "admin.logentry", "pk": 71, "fields": {"action_time": "2016-01-31T19:26:23.204Z", "user": 1, "content_type": 22, "object_id": "46", "object_repr": "--", "action_flag": 1, "change_message": ""}}, {"model": "admin.logentry", "pk": 72, "fields": {"action_time": "2016-01-31T19:27:01.001Z", "user": 1, "content_type": 21, "object_id": "7", "object_repr": "Livro, Leitura e Literatura", "action_flag": 3, "change_message": ""}}, {"model": "admin.logentry", "pk": 73, "fields": {"action_time": "2016-01-31T19:27:43.242Z", "user": 1, "content_type": 18, "object_id": "1", "object_repr": "Cineteatro", "action_flag": 1, "change_message": ""}}, {"model": "admin.logentry", "pk": 74, "fields": {"action_time": "2016-01-31T19:27:50.150Z", "user": 1, "content_type": 18, "object_id": "2", "object_repr": "Biblioteca", "action_flag": 1, "change_message": ""}}, {"model": "admin.logentry", "pk": 75, "fields": {"action_time": "2016-01-31T19:27:55.796Z", "user": 1, "content_type": 18, "object_id": "3", "object_repr": "Laborat\u00f3rio multim\u00eddia", "action_flag": 1, "change_message": ""}}, {"model": "admin.logentry", "pk": 76, "fields": {"action_time": "2016-01-31T19:28:01.746Z", "user": 1, "content_type": 18, "object_id": "4", "object_repr": "Quadra", "action_flag": 1, "change_message": ""}}, {"model": "admin.logentry", "pk": 77, "fields": {"action_time": "2016-01-31T19:28:07.982Z", "user": 1, "content_type": 18, "object_id": "5", "object_repr": "Sala multiuso", "action_flag": 1, "change_message": ""}}, {"model": "admin.logentry", "pk": 78, "fields": {"action_time": "2016-01-31T19:28:13.599Z", "user": 1, "content_type": 18, "object_id": "6", "object_repr": "CRAS", "action_flag": 1, "change_message": ""}}, {"model": "admin.logentry", "pk": 79, "fields": {"action_time": "2016-01-31T19:28:19.403Z", "user": 1, "content_type": 18, "object_id": "7", "object_repr": "Pista de skate", "action_flag": 1, "change_message": ""}}, {"model": "admin.logentry", "pk": 80, "fields": {"action_time": "2016-01-31T19:28:23.859Z", "user": 1, "content_type": 18, "object_id": "8", "object_repr": "\u00c1reas externas", "action_flag": 1, "change_message": ""}}, {"model": "admin.logentry", "pk": 81, "fields": {"action_time": "2016-01-31T19:28:49.482Z", "user": 1, "content_type": 11, "object_id": "1", "object_repr": "Egressos do sistema prisional", "action_flag": 1, "change_message": ""}}, {"model": "admin.logentry", "pk": 82, "fields": {"action_time": "2016-01-31T19:28:59.539Z", "user": 1, "content_type": 11, "object_id": "2", "object_repr": "Fam\u00edlias de presos do sistema carcer\u00e1rio", "action_flag": 1, "change_message": ""}}, {"model": "admin.logentry", "pk": 83, "fields": {"action_time": "2016-01-31T19:29:05.086Z", "user": 1, "content_type": 11, "object_id": "3", "object_repr": "jovens em medidas socioeducativas", "action_flag": 1, "change_message": ""}}, {"model": "admin.logentry", "pk": 84, "fields": {"action_time": "2016-01-31T19:29:10.206Z", "user": 1, "content_type": 11, "object_id": "4", "object_repr": "Pessoas ou grupos v\u00edtimas de viol\u00eancia", "action_flag": 1, "change_message": ""}}, {"model": "admin.logentry", "pk": 85, "fields": {"action_time": "2016-01-31T19:29:15.646Z", "user": 1, "content_type": 11, "object_id": "5", "object_repr": "Pessoas em sofrimento ps\u00edquico", "action_flag": 1, "change_message": ""}}, {"model": "admin.logentry", "pk": 86, "fields": {"action_time": "2016-01-31T19:29:21.851Z", "user": 1, "content_type": 11, "object_id": "6", "object_repr": "Popula\u00e7\u00e3o em situa\u00e7\u00e3o de rua", "action_flag": 1, "change_message": ""}}, {"model": "admin.logentry", "pk": 87, "fields": {"action_time": "2016-01-31T19:29:27.916Z", "user": 1, "content_type": 11, "object_id": "7", "object_repr": "Catadores de material recicl\u00e1vel", "action_flag": 1, "change_message": ""}}, {"model": "admin.logentry", "pk": 88, "fields": {"action_time": "2016-01-31T19:29:33.062Z", "user": 1, "content_type": 11, "object_id": "8", "object_repr": "Atingidos por empreendimento de Infraestrutura", "action_flag": 1, "change_message": ""}}, {"model": "admin.logentry", "pk": 89, "fields": {"action_time": "2016-01-31T19:29:41.027Z", "user": 1, "content_type": 11, "object_id": "9", "object_repr": "Imigrantes", "action_flag": 1, "change_message": ""}}, {"model": "admin.logentry", "pk": 90, "fields": {"action_time": "2016-01-31T19:29:46.022Z", "user": 1, "content_type": 11, "object_id": "10", "object_repr": "Familias acampadas", "action_flag": 1, "change_message": ""}}, {"model": "admin.logentry", "pk": 91, "fields": {"action_time": "2016-01-31T19:29:54.106Z", "user": 1, "content_type": 11, "object_id": "11", "object_repr": "Agricultores familiares", "action_flag": 1, "change_message": ""}}, {"model": "admin.logentry", "pk": 92, "fields": {"action_time": "2016-01-31T19:30:02.548Z", "user": 1, "content_type": 11, "object_id": "12", "object_repr": "Assentados da Reforma Agr\u00e1ria", "action_flag": 1, "change_message": ""}}, {"model": "admin.logentry", "pk": 93, "fields": {"action_time": "2016-01-31T19:30:08.285Z", "user": 1, "content_type": 11, "object_id": "13", "object_repr": "Povos e Comunidades Tradicionais de Matriz Africana", "action_flag": 1, "change_message": ""}}, {"model": "admin.logentry", "pk": 94, "fields": {"action_time": "2016-01-31T19:30:13.652Z", "user": 1, "content_type": 11, "object_id": "14", "object_repr": "Quilombolas", "action_flag": 1, "change_message": ""}}, {"model": "admin.logentry", "pk": 95, "fields": {"action_time": "2016-01-31T19:30:19.892Z", "user": 1, "content_type": 11, "object_id": "15", "object_repr": "Ind\u00edgenas", "action_flag": 1, "change_message": ""}}, {"model": "admin.logentry", "pk": 96, "fields": {"action_time": "2016-01-31T19:30:27.316Z", "user": 1, "content_type": 11, "object_id": "16", "object_repr": "Extrativistas", "action_flag": 1, "change_message": ""}}, {"model": "admin.logentry", "pk": 97, "fields": {"action_time": "2016-01-31T19:30:32.968Z", "user": 1, "content_type": 11, "object_id": "17", "object_repr": "Pescadores artesanais", "action_flag": 1, "change_message": ""}}, {"model": "admin.logentry", "pk": 98, "fields": {"action_time": "2016-01-31T19:30:38.053Z", "user": 1, "content_type": 11, "object_id": "18", "object_repr": "Ribeirinhos", "action_flag": 1, "change_message": ""}}, {"model": "admin.logentry", "pk": 99, "fields": {"action_time": "2016-01-31T19:30:43.252Z", "user": 1, "content_type": 11, "object_id": "19", "object_repr": "Sertanejos", "action_flag": 1, "change_message": ""}}, {"model": "admin.logentry", "pk": 100, "fields": {"action_time": "2016-01-31T19:30:48.200Z", "user": 1, "content_type": 11, "object_id": "20", "object_repr": "Ciganos", "action_flag": 1, "change_message": ""}}, {"model": "admin.logentry", "pk": 101, "fields": {"action_time": "2016-01-31T19:30:54.166Z", "user": 1, "content_type": 11, "object_id": "21", "object_repr": "Popula\u00e7\u00e3o de L\u00e9sbicas, Gays, Bissexuais, Travestis, Transexuais e Transg\u00eaneros -LGBT", "action_flag": 1, "change_message": ""}}, {"model": "admin.logentry", "pk": 102, "fields": {"action_time": "2016-01-31T19:31:00.398Z", "user": 1, "content_type": 11, "object_id": "22", "object_repr": "Mulheres", "action_flag": 1, "change_message": ""}}, {"model": "admin.logentry", "pk": 103, "fields": {"action_time": "2016-01-31T19:31:05.980Z", "user": 1, "content_type": 11, "object_id": "23", "object_repr": "Pessoas com defici\u00eancia", "action_flag": 1, "change_message": ""}}, {"model": "admin.logentry", "pk": 104, "fields": {"action_time": "2016-01-31T19:31:16.534Z", "user": 1, "content_type": 11, "object_id": "24", "object_repr": "Popula\u00e7\u00e3o negra", "action_flag": 1, "change_message": ""}}, {"model": "admin.logentry", "pk": 105, "fields": {"action_time": "2016-01-31T19:31:22.617Z", "user": 1, "content_type": 11, "object_id": "25", "object_repr": "Estudantes", "action_flag": 1, "change_message": ""}}, {"model": "admin.logentry", "pk": 106, "fields": {"action_time": "2016-01-31T19:31:28.791Z", "user": 1, "content_type": 11, "object_id": "26", "object_repr": "Grupos Art\u00edsticos e Culturais Independentes", "action_flag": 1, "change_message": ""}}, {"model": "admin.logentry", "pk": 107, "fields": {"action_time": "2016-01-31T19:31:34.811Z", "user": 1, "content_type": 11, "object_id": "27", "object_repr": "Mestres, praticantes, brincantes e grupos das culturas populares, urbanas e rurais", "action_flag": 1, "change_message": ""}}, {"model": "admin.logentry", "pk": 108, "fields": {"action_time": "2016-01-31T19:31:41.288Z", "user": 1, "content_type": 11, "object_id": "28", "object_repr": "N\u00e3o espec\u00edfico", "action_flag": 1, "change_message": ""}}, {"model": "admin.logentry", "pk": 109, "fields": {"action_time": "2016-01-31T19:31:54.680Z", "user": 1, "content_type": 19, "object_id": "1", "object_repr": "Crian\u00e7as", "action_flag": 1, "change_message": ""}}, {"model": "admin.logentry", "pk": 110, "fields": {"action_time": "2016-01-31T19:32:00.833Z", "user": 1, "content_type": 19, "object_id": "2", "object_repr": "Adolescentes", "action_flag": 1, "change_message": ""}}, {"model": "admin.logentry", "pk": 111, "fields": {"action_time": "2016-01-31T19:32:06.353Z", "user": 1, "content_type": 19, "object_id": "3", "object_repr": "Jovens", "action_flag": 1, "change_message": ""}}, {"model": "admin.logentry", "pk": 112, "fields": {"action_time": "2016-01-31T19:32:12.084Z", "user": 1, "content_type": 19, "object_id": "4", "object_repr": "Adultos", "action_flag": 1, "change_message": ""}}, {"model": "admin.logentry", "pk": 113, "fields": {"action_time": "2016-01-31T19:32:17.061Z", "user": 1, "content_type": 19, "object_id": "5", "object_repr": "Idosos", "action_flag": 1, "change_message": ""}}, {"model": "admin.logentry", "pk": 114, "fields": {"action_time": "2016-01-31T19:32:22.840Z", "user": 1, "content_type": 19, "object_id": "6", "object_repr": "Livre", "action_flag": 1, "change_message": ""}}, {"model": "admin.logentry", "pk": 115, "fields": {"action_time": "2016-01-31T19:32:35.719Z", "user": 1, "content_type": 12, "object_id": "1", "object_repr": "Bairro da Pra\u00e7a CEU", "action_flag": 1, "change_message": ""}}, {"model": "admin.logentry", "pk": 116, "fields": {"action_time": "2016-01-31T19:32:43.666Z", "user": 1, "content_type": 12, "object_id": "2", "object_repr": "Bairros do entorno", "action_flag": 1, "change_message": ""}}, {"model": "admin.logentry", "pk": 117, "fields": {"action_time": "2016-01-31T19:32:50.729Z", "user": 1, "content_type": 12, "object_id": "3", "object_repr": "Munic\u00edpio", "action_flag": 1, "change_message": ""}}, {"model": "admin.logentry", "pk": 118, "fields": {"action_time": "2016-01-31T19:32:56.330Z", "user": 1, "content_type": 12, "object_id": "4", "object_repr": "Munic\u00edpios do entorno", "action_flag": 1, "change_message": ""}}, {"model": "admin.logentry", "pk": 119, "fields": {"action_time": "2016-01-31T19:33:02.503Z", "user": 1, "content_type": 12, "object_id": "5", "object_repr": "Estado", "action_flag": 1, "change_message": ""}}, {"model": "admin.logentry", "pk": 120, "fields": {"action_time": "2016-01-31T19:33:22.208Z", "user": 1, "content_type": 13, "object_id": "1", "object_repr": "Di\u00e1rio", "action_flag": 1, "change_message": ""}}, {"model": "admin.logentry", "pk": 121, "fields": {"action_time": "2016-01-31T19:33:30.638Z", "user": 1, "content_type": 13, "object_id": "2", "object_repr": "Semanal", "action_flag": 1, "change_message": ""}}, {"model": "admin.logentry", "pk": 122, "fields": {"action_time": "2016-01-31T19:33:40.553Z", "user": 1, "content_type": 13, "object_id": "3", "object_repr": "Quinzenal", "action_flag": 1, "change_message": ""}}, {"model": "admin.logentry", "pk": 123, "fields": {"action_time": "2016-01-31T19:33:52.373Z", "user": 1, "content_type": 13, "object_id": "4", "object_repr": "Mensal", "action_flag": 1, "change_message": ""}}, {"model": "admin.logentry", "pk": 124, "fields": {"action_time": "2016-01-31T19:34:07.947Z", "user": 1, "content_type": 13, "object_id": "5", "object_repr": "N\u00e3o se repete", "action_flag": 1, "change_message": ""}}]