[{"pk": 1, "fields": {"app_label": "auth", "model": "permission"}, "model": "contenttypes.contenttype"}, {"pk": 2, "fields": {"app_label": "auth", "model": "group"}, "model": "contenttypes.contenttype"}, {"pk": 3, "fields": {"app_label": "auth", "model": "user"}, "model": "contenttypes.contenttype"}, {"pk": 4, "fields": {"app_label": "contenttypes", "model": "contenttype"}, "model": "contenttypes.contenttype"}, {"pk": 5, "fields": {"app_label": "sessions", "model": "session"}, "model": "contenttypes.contenttype"}, {"pk": 6, "fields": {"app_label": "admin", "model": "logentry"}, "model": "contenttypes.contenttype"}, {"pk": 11, "fields": {"app_label": "atividades", "model": "publico"}, "model": "contenttypes.contenttype"}, {"pk": 12, "fields": {"app_label": "atividades", "model": "abrangencia"}, "model": "contenttypes.contenttype"}, {"pk": 13, "fields": {"app_label": "atividades", "model": "periodicidade"}, "model": "contenttypes.contenttype"}, {"pk": 17, "fields": {"app_label": "atividades", "model": "tipo"}, "model": "contenttypes.contenttype"}, {"pk": 18, "fields": {"app_label": "atividades", "model": "espaco"}, "model": "contenttypes.contenttype"}, {"pk": 19, "fields": {"app_label": "atividades", "model": "faixasetaria"}, "model": "contenttypes.contenttype"}, {"pk": 20, "fields": {"app_label": "atividades", "model": "parceiro"}, "model": "contenttypes.contenttype"}, {"pk": 21, "fields": {"app_label": "atividades", "model": "area"}, "model": "contenttypes.contenttype"}, {"pk": 22, "fields": {"app_label": "atividades", "model": "subarea"}, "model": "contenttypes.contenttype"}, {"pk": 23, "fields": {"app_label": "atividades", "model": "atividade"}, "model": "contenttypes.contenttype"}, {"pk": 24, "fields": {"app_label": "atividades", "model": "situacaoceu"}, "model": "contenttypes.contenttype"}, {"pk": 25, "fields": {"app_label": "atividades", "model": "regiao"}, "model": "contenttypes.contenttype"}, {"pk": 26, "fields": {"app_label": "atividades", "model": "estado"}, "model": "contenttypes.contenttype"}, {"pk": 27, "fields": {"app_label": "atividades", "model": "municipio"}, "model": "contenttypes.contenttype"}, {"pk": 28, "fields": {"app_label": "atividades", "model": "responsavel"}, "model": "contenttypes.contenttype"}, {"pk": 29, "fields": {"app_label": "atividades", "model": "ceu"}, "model": "contenttypes.contenttype"}, {"pk": "olc6gos0zhttryoow9j1rlxu1gj49t2f", "fields": {"session_data": "MzA5YTllY2M2NWUxNWVjNDM1OTg0MmQ1N2QxNjQ2YWYyN2VkZmYxYzp7Il9hdXRoX3VzZXJfaGFzaCI6IjBmNjZjYjg4MjhiNzExMDExZjZhYmU0NjNkNWRlZDcyMmRhYTU3ZGIiLCJfYXV0aF91c2VyX2JhY2tlbmQiOiJkamFuZ28uY29udHJpYi5hdXRoLmJhY2tlbmRzLk1vZGVsQmFja2VuZCIsIl9hdXRoX3VzZXJfaWQiOiIxIn0=", "expire_date": "2016-02-14T18:48:32.204Z"}, "model": "sessions.session"}, {"pk": 1, "fields": {"descricao": "Apresenta\u00e7\u00e3o", "nome": "Apresenta\u00e7\u00e3o"}, "model": "atividades.tipo"}, {"pk": 2, "fields": {"descricao": "Atendimento", "nome": "Atendimento"}, "model": "atividades.tipo"}, {"pk": 3, "fields": {"descricao": "Cormercializa\u00e7\u00e3o de produtos", "nome": "Cormercializa\u00e7\u00e3o de produtos"}, "model": "atividades.tipo"}, {"pk": 4, "fields": {"descricao": "Curso", "nome": "Curso"}, "model": "atividades.tipo"}, {"pk": 5, "fields": {"descricao": "Espet\u00e1tulo", "nome": "Espet\u00e1tulo"}, "model": "atividades.tipo"}, {"pk": 6, "fields": {"descricao": "Exposi\u00e7\u00e3o", "nome": "Exposi\u00e7\u00e3o"}, "model": "atividades.tipo"}, {"pk": 7, "fields": {"descricao": "Feira de trocas", "nome": "Feira de trocas"}, "model": "atividades.tipo"}, {"pk": 8, "fields": {"descricao": "Oficina", "nome": "Oficina"}, "model": "atividades.tipo"}, {"pk": 9, "fields": {"descricao": "Palestra", "nome": "Palestra"}, "model": "atividades.tipo"}, {"pk": 10, "fields": {"descricao": "Reuni\u00e3o", "nome": "Reuni\u00e3o"}, "model": "atividades.tipo"}, {"pk": 11, "fields": {"descricao": "Semin\u00e1rio", "nome": "Semin\u00e1rio"}, "model": "atividades.tipo"}, {"pk": 12, "fields": {"descricao": "Show", "nome": "Show"}, "model": "atividades.tipo"}, {"pk": 13, "fields": {"descricao": "Festas", "nome": "Festas"}, "model": "atividades.tipo"}, {"pk": 14, "fields": {"descricao": "Outros", "nome": "Outros"}, "model": "atividades.tipo"}, {"pk": 1, "fields": {"descricao": "Cineteatro", "nome": "Cineteatro"}, "model": "atividades.espaco"}, {"pk": 2, "fields": {"descricao": "Biblioteca", "nome": "Biblioteca"}, "model": "atividades.espaco"}, {"pk": 3, "fields": {"descricao": "Laborat\u00f3rio multim\u00eddia", "nome": "Laborat\u00f3rio multim\u00eddia"}, "model": "atividades.espaco"}, {"pk": 4, "fields": {"descricao": "Quadra", "nome": "Quadra"}, "model": "atividades.espaco"}, {"pk": 5, "fields": {"descricao": "Sala multiuso", "nome": "Sala multiuso"}, "model": "atividades.espaco"}, {"pk": 6, "fields": {"descricao": "CRAS", "nome": "CRAS"}, "model": "atividades.espaco"}, {"pk": 7, "fields": {"descricao": "Pista de skate", "nome": "Pista de skate"}, "model": "atividades.espaco"}, {"pk": 8, "fields": {"descricao": "\u00c1reas externas", "nome": "\u00c1reas externas"}, "model": "atividades.espaco"}, {"pk": 1, "fields": {"descricao": "Crian\u00e7as", "nome": "Crian\u00e7as"}, "model": "atividades.faixasetaria"}, {"pk": 2, "fields": {"descricao": "Adolescentes", "nome": "Adolescentes"}, "model": "atividades.faixasetaria"}, {"pk": 3, "fields": {"descricao": "Jovens", "nome": "Jovens"}, "model": "atividades.faixasetaria"}, {"pk": 4, "fields": {"descricao": "Adultos", "nome": "Adultos"}, "model": "atividades.faixasetaria"}, {"pk": 5, "fields": {"descricao": "Idosos", "nome": "Idosos"}, "model": "atividades.faixasetaria"}, {"pk": 6, "fields": {"descricao": "Livre", "nome": "Livre"}, "model": "atividades.faixasetaria"}, {"pk": 1, "fields": {"descricao": "Egressos do sistema prisional", "nome": "Egressos do sistema prisional"}, "model": "atividades.publico"}, {"pk": 2, "fields": {"descricao": "Fam\u00edlias de presos do sistema carcer\u00e1rio", "nome": "Fam\u00edlias de presos do sistema carcer\u00e1rio"}, "model": "atividades.publico"}, {"pk": 3, "fields": {"descricao": "jovens em medidas socioeducativas", "nome": "jovens em medidas socioeducativas"}, "model": "atividades.publico"}, {"pk": 4, "fields": {"descricao": "Pessoas ou grupos v\u00edtimas de viol\u00eancia", "nome": "Pessoas ou grupos v\u00edtimas de viol\u00eancia"}, "model": "atividades.publico"}, {"pk": 5, "fields": {"descricao": "Pessoas em sofrimento ps\u00edquico", "nome": "Pessoas em sofrimento ps\u00edquico"}, "model": "atividades.publico"}, {"pk": 6, "fields": {"descricao": "Popula\u00e7\u00e3o em situa\u00e7\u00e3o de rua", "nome": "Popula\u00e7\u00e3o em situa\u00e7\u00e3o de rua"}, "model": "atividades.publico"}, {"pk": 7, "fields": {"descricao": "Catadores de material recicl\u00e1vel", "nome": "Catadores de material recicl\u00e1vel"}, "model": "atividades.publico"}, {"pk": 8, "fields": {"descricao": "Atingidos por empreendimento de Infraestrutura", "nome": "Atingidos por empreendimento de Infraestrutura"}, "model": "atividades.publico"}, {"pk": 9, "fields": {"descricao": "Imigrantes", "nome": "Imigrantes"}, "model": "atividades.publico"}, {"pk": 10, "fields": {"descricao": "Familias acampadas", "nome": "Familias acampadas"}, "model": "atividades.publico"}, {"pk": 11, "fields": {"descricao": "Agricultores familiares", "nome": "Agricultores familiares"}, "model": "atividades.publico"}, {"pk": 12, "fields": {"descricao": "Assentados da Reforma Agr\u00e1ria", "nome": "Assentados da Reforma Agr\u00e1ria"}, "model": "atividades.publico"}, {"pk": 13, "fields": {"descricao": "Povos e Comunidades Tradicionais de Matriz Africana", "nome": "Povos e Comunidades Tradicionais de Matriz Africana"}, "model": "atividades.publico"}, {"pk": 14, "fields": {"descricao": "Quilombolas", "nome": "Quilombolas"}, "model": "atividades.publico"}, {"pk": 15, "fields": {"descricao": "Ind\u00edgenas", "nome": "Ind\u00edgenas"}, "model": "atividades.publico"}, {"pk": 16, "fields": {"descricao": "Extrativistas", "nome": "Extrativistas"}, "model": "atividades.publico"}, {"pk": 17, "fields": {"descricao": "Pescadores artesanais", "nome": "Pescadores artesanais"}, "model": "atividades.publico"}, {"pk": 18, "fields": {"descricao": "Ribeirinhos", "nome": "Ribeirinhos"}, "model": "atividades.publico"}, {"pk": 19, "fields": {"descricao": "Sertanejos", "nome": "Sertanejos"}, "model": "atividades.publico"}, {"pk": 20, "fields": {"descricao": "Ciganos", "nome": "Ciganos"}, "model": "atividades.publico"}, {"pk": 21, "fields": {"descricao": "Popula\u00e7\u00e3o de L\u00e9sbicas, Gays, Bissexuais, Travestis, Transexuais e Transg\u00eaneros -LGBT", "nome": "Popula\u00e7\u00e3o de L\u00e9sbicas, Gays, Bissexuais, Travestis, Transexuais e Transg\u00eaneros -LGBT"}, "model": "atividades.publico"}, {"pk": 22, "fields": {"descricao": "Mulheres", "nome": "Mulheres"}, "model": "atividades.publico"}, {"pk": 23, "fields": {"descricao": "Pessoas com defici\u00eancia", "nome": "Pessoas com defici\u00eancia"}, "model": "atividades.publico"}, {"pk": 24, "fields": {"descricao": "Popula\u00e7\u00e3o negra", "nome": "Popula\u00e7\u00e3o negra"}, "model": "atividades.publico"}, {"pk": 25, "fields": {"descricao": "Estudantes", "nome": "Estudantes"}, "model": "atividades.publico"}, {"pk": 26, "fields": {"descricao": "Grupos Art\u00edsticos e Culturais Independentes", "nome": "Grupos Art\u00edsticos e Culturais Independentes"}, "model": "atividades.publico"}, {"pk": 27, "fields": {"descricao": "Mestres, praticantes, brincantes e grupos das culturas populares, urbanas e rurais", "nome": "Mestres, praticantes, brincantes e grupos das culturas populares, urbanas e rurais"}, "model": "atividades.publico"}, {"pk": 28, "fields": {"descricao": "N\u00e3o espec\u00edfico", "nome": "N\u00e3o espec\u00edfico"}, "model": "atividades.publico"}, {"pk": 1, "fields": {"descricao": "Bairro da Pra\u00e7a CEU", "nome": "Bairro da Pra\u00e7a CEU"}, "model": "atividades.abrangencia"}, {"pk": 2, "fields": {"descricao": "Bairros do entorno", "nome": "Bairros do entorno"}, "model": "atividades.abrangencia"}, {"pk": 3, "fields": {"descricao": "Munic\u00edpio", "nome": "Munic\u00edpio"}, "model": "atividades.abrangencia"}, {"pk": 4, "fields": {"descricao": "Munic\u00edpios do entorno", "nome": "Munic\u00edpios do entorno"}, "model": "atividades.abrangencia"}, {"pk": 5, "fields": {"descricao": "Estado", "nome": "Estado"}, "model": "atividades.abrangencia"}, {"pk": 1, "fields": {"descricao": "Di\u00e1rio", "nome": "Di\u00e1rio"}, "model": "atividades.periodicidade"}, {"pk": 2, "fields": {"descricao": "Semanal", "nome": "Semanal"}, "model": "atividades.periodicidade"}, {"pk": 3, "fields": {"descricao": "Quinzenal", "nome": "Quinzenal"}, "model": "atividades.periodicidade"}, {"pk": 4, "fields": {"descricao": "Mensal", "nome": "Mensal"}, "model": "atividades.periodicidade"}, {"pk": 5, "fields": {"descricao": "N\u00e3o se repete", "nome": "N\u00e3o se repete"}, "model": "atividades.periodicidade"}, {"pk": 1, "fields": {"descricao": "Artes C\u00eanicas", "nome": "Artes C\u00eanicas"}, "model": "atividades.area"}, {"pk": 2, "fields": {"descricao": "Audiovisual", "nome": "Audiovisual"}, "model": "atividades.area"}, {"pk": 3, "fields": {"descricao": "M\u00fasica", "nome": "M\u00fasica"}, "model": "atividades.area"}, {"pk": 4, "fields": {"descricao": "Artes Visuais", "nome": "Artes Visuais"}, "model": "atividades.area"}, {"pk": 5, "fields": {"descricao": "Patrim\u00f4nio Cultural", "nome": "Patrim\u00f4nio Cultural"}, "model": "atividades.area"}, {"pk": 6, "fields": {"descricao": "Livro, Leitura e Literatura", "nome": "Livro, Leitura e Literatura"}, "model": "atividades.area"}, {"pk": 8, "fields": {"descricao": "Esportes", "nome": "Esportes"}, "model": "atividades.area"}, {"pk": 9, "fields": {"descricao": "Assist\u00eancia Social", "nome": "Assist\u00eancia Social"}, "model": "atividades.area"}, {"pk": 10, "fields": {"descricao": "Sa\u00fade", "nome": "Sa\u00fade"}, "model": "atividades.area"}, {"pk": 11, "fields": {"descricao": "Outros", "nome": "Outros"}, "model": "atividades.area"}, {"pk": 1, "fields": {"descricao": "Circo", "area": 1, "nome": "Circo"}, "model": "atividades.subarea"}, {"pk": 2, "fields": {"descricao": "Dan\u00e7a", "area": 1, "nome": "Dan\u00e7a"}, "model": "atividades.subarea"}, {"pk": 3, "fields": {"descricao": "M\u00edmica", "area": 1, "nome": "M\u00edmica"}, "model": "atividades.subarea"}, {"pk": 4, "fields": {"descricao": "\u00d3pera", "area": 1, "nome": "\u00d3pera"}, "model": "atividades.subarea"}, {"pk": 5, "fields": {"descricao": "Teatro", "area": 1, "nome": "Teatro"}, "model": "atividades.subarea"}, {"pk": 6, "fields": {"descricao": "Exibi\u00e7\u00e3o Cinematogr\u00e1fica", "area": 2, "nome": "Exibi\u00e7\u00e3o Cinematogr\u00e1fica"}, "model": "atividades.subarea"}, {"pk": 7, "fields": {"descricao": "Preserva\u00e7\u00e3o/Restaura\u00e7\u00e3o da Mem\u00f3ria Cinematogr\u00e1fica", "area": 2, "nome": "Preserva\u00e7\u00e3o/Restaura\u00e7\u00e3o da Mem\u00f3ria Cinematogr\u00e1fica"}, "model": "atividades.subarea"}, {"pk": 8, "fields": {"descricao": "Produ\u00e7\u00e3o Cinematogr\u00e1fica", "area": 2, "nome": "Produ\u00e7\u00e3o Cinematogr\u00e1fica"}, "model": "atividades.subarea"}, {"pk": 9, "fields": {"descricao": "Produ\u00e7\u00e3o Radiof\u00f4nica", "area": 2, "nome": "Produ\u00e7\u00e3o Radiof\u00f4nica"}, "model": "atividades.subarea"}, {"pk": 10, "fields": {"descricao": "Produ\u00e7\u00e3o Televisiva", "area": 2, "nome": "Produ\u00e7\u00e3o Televisiva"}, "model": "atividades.subarea"}, {"pk": 11, "fields": {"descricao": "R\u00e1dios/TVs Comunit\u00e1rias", "area": 2, "nome": "R\u00e1dios/TVs Comunit\u00e1rias"}, "model": "atividades.subarea"}, {"pk": 12, "fields": {"descricao": "M\u00fasica Erudita", "area": 3, "nome": "M\u00fasica Erudita"}, "model": "atividades.subarea"}, {"pk": 13, "fields": {"descricao": "M\u00fasica Instrumental", "area": 3, "nome": "M\u00fasica Instrumental"}, "model": "atividades.subarea"}, {"pk": 14, "fields": {"descricao": "M\u00fasica Popular", "area": 3, "nome": "M\u00fasica Popular"}, "model": "atividades.subarea"}, {"pk": 15, "fields": {"descricao": "Orquestra", "area": 3, "nome": "Orquestra"}, "model": "atividades.subarea"}, {"pk": 16, "fields": {"descricao": "M\u00fasica em Geral", "area": 3, "nome": "M\u00fasica em Geral"}, "model": "atividades.subarea"}, {"pk": 17, "fields": {"descricao": "Fotografia", "area": 4, "nome": "Fotografia"}, "model": "atividades.subarea"}, {"pk": 18, "fields": {"descricao": "Gr\u00e1ficas", "area": 4, "nome": "Gr\u00e1ficas"}, "model": "atividades.subarea"}, {"pk": 19, "fields": {"descricao": "Pl\u00e1sticas", "area": 4, "nome": "Pl\u00e1sticas"}, "model": "atividades.subarea"}, {"pk": 20, "fields": {"descricao": "Acervo", "area": 5, "nome": "Acervo"}, "model": "atividades.subarea"}, {"pk": 21, "fields": {"descricao": "Acervo", "area": 5, "nome": "Acervo"}, "model": "atividades.subarea"}, {"pk": 22, "fields": {"descricao": "Afro Brasileira", "area": 5, "nome": "Afro Brasileira"}, "model": "atividades.subarea"}, {"pk": 23, "fields": {"descricao": "Arqueol\u00f3gico", "area": 5, "nome": "Arqueol\u00f3gico"}, "model": "atividades.subarea"}, {"pk": 24, "fields": {"descricao": "Arquitet\u00f4nico", "area": 5, "nome": "Arquitet\u00f4nico"}, "model": "atividades.subarea"}, {"pk": 25, "fields": {"descricao": "Artesanato", "area": 5, "nome": "Artesanato"}, "model": "atividades.subarea"}, {"pk": 26, "fields": {"descricao": "Ecol\u00f3gico", "area": 5, "nome": "Ecol\u00f3gico"}, "model": "atividades.subarea"}, {"pk": 27, "fields": {"descricao": "Folclore", "area": 5, "nome": "Folclore"}, "model": "atividades.subarea"}, {"pk": 28, "fields": {"descricao": "Hist\u00f3rico", "area": 5, "nome": "Hist\u00f3rico"}, "model": "atividades.subarea"}, {"pk": 29, "fields": {"descricao": "Ind\u00edgena", "area": 5, "nome": "Ind\u00edgena"}, "model": "atividades.subarea"}, {"pk": 30, "fields": {"descricao": "Museu", "area": 5, "nome": "Museu"}, "model": "atividades.subarea"}, {"pk": 31, "fields": {"descricao": "Edi\u00e7\u00e3o de Livros e outros", "area": 6, "nome": "Edi\u00e7\u00e3o de Livros e outros"}, "model": "atividades.subarea"}, {"pk": 32, "fields": {"descricao": "Evento liter\u00e1rio", "area": 6, "nome": "Evento liter\u00e1rio"}, "model": "atividades.subarea"}, {"pk": 33, "fields": {"descricao": "Leitura", "area": 6, "nome": "Leitura"}, "model": "atividades.subarea"}, {"pk": 34, "fields": {"descricao": "Conta\u00e7\u00e3o de hist\u00f3ria", "area": 6, "nome": "Conta\u00e7\u00e3o de hist\u00f3ria"}, "model": "atividades.subarea"}, {"pk": 35, "fields": {"descricao": "Sarau", "area": 6, "nome": "Sarau"}, "model": "atividades.subarea"}, {"pk": 36, "fields": {"descricao": "Outros", "area": 6, "nome": "Outros"}, "model": "atividades.subarea"}, {"pk": 37, "fields": {"descricao": "Futebol", "area": 6, "nome": "Futebol"}, "model": "atividades.subarea"}, {"pk": 38, "fields": {"descricao": "V\u00f4lei", "area": 8, "nome": "V\u00f4lei"}, "model": "atividades.subarea"}, {"pk": 39, "fields": {"descricao": "Basquete", "area": 8, "nome": "Basquete"}, "model": "atividades.subarea"}, {"pk": 40, "fields": {"descricao": "Skate", "area": 8, "nome": "Skate"}, "model": "atividades.subarea"}, {"pk": 41, "fields": {"descricao": "Handebol", "area": 8, "nome": "Handebol"}, "model": "atividades.subarea"}, {"pk": 42, "fields": {"descricao": "Futev\u00f4lei", "area": 8, "nome": "Futev\u00f4lei"}, "model": "atividades.subarea"}, {"pk": 43, "fields": {"descricao": "Capoeira", "area": 8, "nome": "Capoeira"}, "model": "atividades.subarea"}, {"pk": 44, "fields": {"descricao": "Outros", "area": 8, "nome": "Outros"}, "model": "atividades.subarea"}, {"pk": 45, "fields": {"descricao": "--", "area": 9, "nome": "--"}, "model": "atividades.subarea"}, {"pk": 46, "fields": {"descricao": "--", "area": 10, "nome": "--"}, "model": "atividades.subarea"}, {"pk": 1, "fields": {"hora_inicio": "13:40:00", "tipo": 1, "faixas_etarias": [2, 3], "descricao": "ttessttee", "subarea": 2, "publico_esperado": 26, "abrangencia": 4, "data_termino": "2016-02-10", "area": 2, "publico": [9, 10, 11], "data_inicio": "2016-02-19", "parceiros": "nois", "espacos": [2, 3], "nome": "festa junina", "periodicidade": 2, "hora_termino": "15:40:00"}, "model": "atividades.atividade"}, {"pk": 2, "fields": {"hora_inicio": "13:40:00", "tipo": 1, "faixas_etarias": [2, 3], "descricao": "ttessttee", "subarea": 2, "publico_esperado": 26, "abrangencia": 4, "data_termino": "2016-02-10", "area": 2, "publico": [26, 27, 28], "data_inicio": "2016-02-19", "parceiros": "nois", "espacos": [2, 3], "nome": "Festa de dan\u00e7a", "periodicidade": 2, "hora_termino": "15:40:00"}, "model": "atividades.atividade"}, {"pk": 4, "fields": {"hora_inicio": "13:40:00", "tipo": 1, "faixas_etarias": [2, 3, 4], "descricao": "novo sistema dos CEUS", "subarea": 4, "publico_esperado": 123, "abrangencia": 2, "data_termino": "2016-02-10", "area": 3, "publico": [2, 3], "data_inicio": "2016-02-19", "parceiros": "123", "espacos": [1, 2, 3], "nome": "Lan\u00e7amento do Sistema", "periodicidade": 3, "hora_termino": "18:00:00"}, "model": "atividades.atividade"}, {"pk": 1, "fields": {"name": "Can add permission", "codename": "add_permission", "content_type": 1}, "model": "auth.permission"}, {"pk": 2, "fields": {"name": "Can change permission", "codename": "change_permission", "content_type": 1}, "model": "auth.permission"}, {"pk": 3, "fields": {"name": "Can delete permission", "codename": "delete_permission", "content_type": 1}, "model": "auth.permission"}, {"pk": 4, "fields": {"name": "Can add group", "codename": "add_group", "content_type": 2}, "model": "auth.permission"}, {"pk": 5, "fields": {"name": "Can change group", "codename": "change_group", "content_type": 2}, "model": "auth.permission"}, {"pk": 6, "fields": {"name": "Can delete group", "codename": "delete_group", "content_type": 2}, "model": "auth.permission"}, {"pk": 7, "fields": {"name": "Can add user", "codename": "add_user", "content_type": 3}, "model": "auth.permission"}, {"pk": 8, "fields": {"name": "Can change user", "codename": "change_user", "content_type": 3}, "model": "auth.permission"}, {"pk": 9, "fields": {"name": "Can delete user", "codename": "delete_user", "content_type": 3}, "model": "auth.permission"}, {"pk": 10, "fields": {"name": "Can add content type", "codename": "add_contenttype", "content_type": 4}, "model": "auth.permission"}, {"pk": 11, "fields": {"name": "Can change content type", "codename": "change_contenttype", "content_type": 4}, "model": "auth.permission"}, {"pk": 12, "fields": {"name": "Can delete content type", "codename": "delete_contenttype", "content_type": 4}, "model": "auth.permission"}, {"pk": 13, "fields": {"name": "Can add session", "codename": "add_session", "content_type": 5}, "model": "auth.permission"}, {"pk": 14, "fields": {"name": "Can change session", "codename": "change_session", "content_type": 5}, "model": "auth.permission"}, {"pk": 15, "fields": {"name": "Can delete session", "codename": "delete_session", "content_type": 5}, "model": "auth.permission"}, {"pk": 16, "fields": {"name": "Can add log entry", "codename": "add_logentry", "content_type": 6}, "model": "auth.permission"}, {"pk": 17, "fields": {"name": "Can change log entry", "codename": "change_logentry", "content_type": 6}, "model": "auth.permission"}, {"pk": 18, "fields": {"name": "Can delete log entry", "codename": "delete_logentry", "content_type": 6}, "model": "auth.permission"}, {"pk": 31, "fields": {"name": "Can add publico", "codename": "add_publico", "content_type": 11}, "model": "auth.permission"}, {"pk": 32, "fields": {"name": "Can change publico", "codename": "change_publico", "content_type": 11}, "model": "auth.permission"}, {"pk": 33, "fields": {"name": "Can delete publico", "codename": "delete_publico", "content_type": 11}, "model": "auth.permission"}, {"pk": 34, "fields": {"name": "Can add abrangencia", "codename": "add_abrangencia", "content_type": 12}, "model": "auth.permission"}, {"pk": 35, "fields": {"name": "Can change abrangencia", "codename": "change_abrangencia", "content_type": 12}, "model": "auth.permission"}, {"pk": 36, "fields": {"name": "Can delete abrangencia", "codename": "delete_abrangencia", "content_type": 12}, "model": "auth.permission"}, {"pk": 37, "fields": {"name": "Can add periodicidade", "codename": "add_periodicidade", "content_type": 13}, "model": "auth.permission"}, {"pk": 38, "fields": {"name": "Can change periodicidade", "codename": "change_periodicidade", "content_type": 13}, "model": "auth.permission"}, {"pk": 39, "fields": {"name": "Can delete periodicidade", "codename": "delete_periodicidade", "content_type": 13}, "model": "auth.permission"}, {"pk": 49, "fields": {"name": "Can add tipo", "codename": "add_tipo", "content_type": 17}, "model": "auth.permission"}, {"pk": 50, "fields": {"name": "Can change tipo", "codename": "change_tipo", "content_type": 17}, "model": "auth.permission"}, {"pk": 51, "fields": {"name": "Can delete tipo", "codename": "delete_tipo", "content_type": 17}, "model": "auth.permission"}, {"pk": 52, "fields": {"name": "Can add espaco", "codename": "add_espaco", "content_type": 18}, "model": "auth.permission"}, {"pk": 53, "fields": {"name": "Can change espaco", "codename": "change_espaco", "content_type": 18}, "model": "auth.permission"}, {"pk": 54, "fields": {"name": "Can delete espaco", "codename": "delete_espaco", "content_type": 18}, "model": "auth.permission"}, {"pk": 55, "fields": {"name": "Can add faixas etaria", "codename": "add_faixasetaria", "content_type": 19}, "model": "auth.permission"}, {"pk": 56, "fields": {"name": "Can change faixas etaria", "codename": "change_faixasetaria", "content_type": 19}, "model": "auth.permission"}, {"pk": 57, "fields": {"name": "Can delete faixas etaria", "codename": "delete_faixasetaria", "content_type": 19}, "model": "auth.permission"}, {"pk": 58, "fields": {"name": "Can add parceiro", "codename": "add_parceiro", "content_type": 20}, "model": "auth.permission"}, {"pk": 59, "fields": {"name": "Can change parceiro", "codename": "change_parceiro", "content_type": 20}, "model": "auth.permission"}, {"pk": 60, "fields": {"name": "Can delete parceiro", "codename": "delete_parceiro", "content_type": 20}, "model": "auth.permission"}, {"pk": 61, "fields": {"name": "Can add area", "codename": "add_area", "content_type": 21}, "model": "auth.permission"}, {"pk": 62, "fields": {"name": "Can change area", "codename": "change_area", "content_type": 21}, "model": "auth.permission"}, {"pk": 63, "fields": {"name": "Can delete area", "codename": "delete_area", "content_type": 21}, "model": "auth.permission"}, {"pk": 64, "fields": {"name": "Can add subarea", "codename": "add_subarea", "content_type": 22}, "model": "auth.permission"}, {"pk": 65, "fields": {"name": "Can change subarea", "codename": "change_subarea", "content_type": 22}, "model": "auth.permission"}, {"pk": 66, "fields": {"name": "Can delete subarea", "codename": "delete_subarea", "content_type": 22}, "model": "auth.permission"}, {"pk": 67, "fields": {"name": "Can add atividade", "codename": "add_atividade", "content_type": 23}, "model": "auth.permission"}, {"pk": 68, "fields": {"name": "Can change atividade", "codename": "change_atividade", "content_type": 23}, "model": "auth.permission"}, {"pk": 69, "fields": {"name": "Can delete atividade", "codename": "delete_atividade", "content_type": 23}, "model": "auth.permission"}, {"pk": 70, "fields": {"name": "Can add situacao ceu", "codename": "add_situacaoceu", "content_type": 24}, "model": "auth.permission"}, {"pk": 71, "fields": {"name": "Can change situacao ceu", "codename": "change_situacaoceu", "content_type": 24}, "model": "auth.permission"}, {"pk": 72, "fields": {"name": "Can delete situacao ceu", "codename": "delete_situacaoceu", "content_type": 24}, "model": "auth.permission"}, {"pk": 73, "fields": {"name": "Can add regiao", "codename": "add_regiao", "content_type": 25}, "model": "auth.permission"}, {"pk": 74, "fields": {"name": "Can change regiao", "codename": "change_regiao", "content_type": 25}, "model": "auth.permission"}, {"pk": 75, "fields": {"name": "Can delete regiao", "codename": "delete_regiao", "content_type": 25}, "model": "auth.permission"}, {"pk": 76, "fields": {"name": "Can add estado", "codename": "add_estado", "content_type": 26}, "model": "auth.permission"}, {"pk": 77, "fields": {"name": "Can change estado", "codename": "change_estado", "content_type": 26}, "model": "auth.permission"}, {"pk": 78, "fields": {"name": "Can delete estado", "codename": "delete_estado", "content_type": 26}, "model": "auth.permission"}, {"pk": 79, "fields": {"name": "Can add municipio", "codename": "add_municipio", "content_type": 27}, "model": "auth.permission"}, {"pk": 80, "fields": {"name": "Can change municipio", "codename": "change_municipio", "content_type": 27}, "model": "auth.permission"}, {"pk": 81, "fields": {"name": "Can delete municipio", "codename": "delete_municipio", "content_type": 27}, "model": "auth.permission"}, {"pk": 82, "fields": {"name": "Can add responsavel", "codename": "add_responsavel", "content_type": 28}, "model": "auth.permission"}, {"pk": 83, "fields": {"name": "Can change responsavel", "codename": "change_responsavel", "content_type": 28}, "model": "auth.permission"}, {"pk": 84, "fields": {"name": "Can delete responsavel", "codename": "delete_responsavel", "content_type": 28}, "model": "auth.permission"}, {"pk": 85, "fields": {"name": "Can add ceu", "codename": "add_ceu", "content_type": 29}, "model": "auth.permission"}, {"pk": 86, "fields": {"name": "Can change ceu", "codename": "change_ceu", "content_type": 29}, "model": "auth.permission"}, {"pk": 87, "fields": {"name": "Can delete ceu", "codename": "delete_ceu", "content_type": 29}, "model": "auth.permission"}, {"pk": 1, "fields": {"user_permissions": [], "password": "pbkdf2_sha256$24000$59ck457xEjND$jSTQMMmDFaVxx6v8itB3YZZ7qWlZfFwxB0p8lzsyKNQ=", "last_login": "2016-01-31T18:48:32.201Z", "is_superuser": true, "last_name": "", "email": "cgti@cultura.gov.br", "username": "admin", "date_joined": "2016-01-31T18:48:19.709Z", "groups": [], "is_staff": true, "first_name": "", "is_active": true}, "model": "auth.user"}, {"pk": 1, "fields": {"action_time": "2016-01-31T18:58:25.811Z", "object_id": "1", "user": 1, "content_type": 17, "object_repr": "Tipo object", "change_message": "Added.", "action_flag": 1}, "model": "admin.logentry"}, {"pk": 2, "fields": {"action_time": "2016-01-31T18:58:39.139Z", "object_id": "2", "user": 1, "content_type": 17, "object_repr": "Tipo object", "change_message": "Added.", "action_flag": 1}, "model": "admin.logentry"}, {"pk": 3, "fields": {"action_time": "2016-01-31T18:58:48.649Z", "object_id": "3", "user": 1, "content_type": 17, "object_repr": "Tipo object", "change_message": "Added.", "action_flag": 1}, "model": "admin.logentry"}, {"pk": 4, "fields": {"action_time": "2016-01-31T18:58:57.237Z", "object_id": "4", "user": 1, "content_type": 17, "object_repr": "Tipo object", "change_message": "Added.", "action_flag": 1}, "model": "admin.logentry"}, {"pk": 5, "fields": {"action_time": "2016-01-31T18:59:05.227Z", "object_id": "5", "user": 1, "content_type": 17, "object_repr": "Tipo object", "change_message": "Added.", "action_flag": 1}, "model": "admin.logentry"}, {"pk": 6, "fields": {"action_time": "2016-01-31T18:59:12.057Z", "object_id": "6", "user": 1, "content_type": 17, "object_repr": "Tipo object", "change_message": "Added.", "action_flag": 1}, "model": "admin.logentry"}, {"pk": 7, "fields": {"action_time": "2016-01-31T18:59:19.162Z", "object_id": "7", "user": 1, "content_type": 17, "object_repr": "Tipo object", "change_message": "Added.", "action_flag": 1}, "model": "admin.logentry"}, {"pk": 8, "fields": {"action_time": "2016-01-31T18:59:27.652Z", "object_id": "8", "user": 1, "content_type": 17, "object_repr": "Tipo object", "change_message": "Added.", "action_flag": 1}, "model": "admin.logentry"}, {"pk": 9, "fields": {"action_time": "2016-01-31T18:59:35.565Z", "object_id": "9", "user": 1, "content_type": 17, "object_repr": "Tipo object", "change_message": "Added.", "action_flag": 1}, "model": "admin.logentry"}, {"pk": 10, "fields": {"action_time": "2016-01-31T18:59:41.943Z", "object_id": "10", "user": 1, "content_type": 17, "object_repr": "Tipo object", "change_message": "Added.", "action_flag": 1}, "model": "admin.logentry"}, {"pk": 11, "fields": {"action_time": "2016-01-31T18:59:48.296Z", "object_id": "11", "user": 1, "content_type": 17, "object_repr": "Tipo object", "change_message": "Added.", "action_flag": 1}, "model": "admin.logentry"}, {"pk": 12, "fields": {"action_time": "2016-01-31T18:59:55.765Z", "object_id": "12", "user": 1, "content_type": 17, "object_repr": "Tipo object", "change_message": "Added.", "action_flag": 1}, "model": "admin.logentry"}, {"pk": 13, "fields": {"action_time": "2016-01-31T19:00:03.771Z", "object_id": "13", "user": 1, "content_type": 17, "object_repr": "Tipo object", "change_message": "Added.", "action_flag": 1}, "model": "admin.logentry"}, {"pk": 14, "fields": {"action_time": "2016-01-31T19:00:14.368Z", "object_id": "14", "user": 1, "content_type": 17, "object_repr": "Tipo object", "change_message": "Added.", "action_flag": 1}, "model": "admin.logentry"}, {"pk": 15, "fields": {"action_time": "2016-01-31T19:00:29.424Z", "object_id": "1", "user": 1, "content_type": 21, "object_repr": "Area object", "change_message": "Added.", "action_flag": 1}, "model": "admin.logentry"}, {"pk": 16, "fields": {"action_time": "2016-01-31T19:00:36.593Z", "object_id": "2", "user": 1, "content_type": 21, "object_repr": "Area object", "change_message": "Added.", "action_flag": 1}, "model": "admin.logentry"}, {"pk": 17, "fields": {"action_time": "2016-01-31T19:00:45.558Z", "object_id": "3", "user": 1, "content_type": 21, "object_repr": "Area object", "change_message": "Added.", "action_flag": 1}, "model": "admin.logentry"}, {"pk": 18, "fields": {"action_time": "2016-01-31T19:00:52.647Z", "object_id": "4", "user": 1, "content_type": 21, "object_repr": "Area object", "change_message": "Added.", "action_flag": 1}, "model": "admin.logentry"}, {"pk": 19, "fields": {"action_time": "2016-01-31T19:00:58.814Z", "object_id": "5", "user": 1, "content_type": 21, "object_repr": "Area object", "change_message": "Added.", "action_flag": 1}, "model": "admin.logentry"}, {"pk": 20, "fields": {"action_time": "2016-01-31T19:01:05.240Z", "object_id": "6", "user": 1, "content_type": 21, "object_repr": "Area object", "change_message": "Added.", "action_flag": 1}, "model": "admin.logentry"}, {"pk": 21, "fields": {"action_time": "2016-01-31T19:01:44.529Z", "object_id": "7", "user": 1, "content_type": 21, "object_repr": "Area object", "change_message": "Added.", "action_flag": 1}, "model": "admin.logentry"}, {"pk": 22, "fields": {"action_time": "2016-01-31T19:01:52.394Z", "object_id": "8", "user": 1, "content_type": 21, "object_repr": "Area object", "change_message": "Added.", "action_flag": 1}, "model": "admin.logentry"}, {"pk": 23, "fields": {"action_time": "2016-01-31T19:01:58.829Z", "object_id": "9", "user": 1, "content_type": 21, "object_repr": "Area object", "change_message": "Added.", "action_flag": 1}, "model": "admin.logentry"}, {"pk": 24, "fields": {"action_time": "2016-01-31T19:02:05.235Z", "object_id": "10", "user": 1, "content_type": 21, "object_repr": "Area object", "change_message": "Added.", "action_flag": 1}, "model": "admin.logentry"}, {"pk": 25, "fields": {"action_time": "2016-01-31T19:02:12.936Z", "object_id": "11", "user": 1, "content_type": 21, "object_repr": "Area object", "change_message": "Added.", "action_flag": 1}, "model": "admin.logentry"}, {"pk": 26, "fields": {"action_time": "2016-01-31T19:03:11.531Z", "object_id": "1", "user": 1, "content_type": 22, "object_repr": "Subarea object", "change_message": "Added.", "action_flag": 1}, "model": "admin.logentry"}, {"pk": 27, "fields": {"action_time": "2016-01-31T19:03:25.428Z", "object_id": "2", "user": 1, "content_type": 22, "object_repr": "Subarea object", "change_message": "Added.", "action_flag": 1}, "model": "admin.logentry"}, {"pk": 28, "fields": {"action_time": "2016-01-31T19:03:34.523Z", "object_id": "3", "user": 1, "content_type": 22, "object_repr": "Subarea object", "change_message": "Added.", "action_flag": 1}, "model": "admin.logentry"}, {"pk": 29, "fields": {"action_time": "2016-01-31T19:03:50.355Z", "object_id": "4", "user": 1, "content_type": 22, "object_repr": "Subarea object", "change_message": "Added.", "action_flag": 1}, "model": "admin.logentry"}, {"pk": 30, "fields": {"action_time": "2016-01-31T19:03:55.185Z", "object_id": "5", "user": 1, "content_type": 22, "object_repr": "Subarea object", "change_message": "Added.", "action_flag": 1}, "model": "admin.logentry"}, {"pk": 31, "fields": {"action_time": "2016-01-31T19:04:13.318Z", "object_id": "6", "user": 1, "content_type": 22, "object_repr": "Subarea object", "change_message": "Added.", "action_flag": 1}, "model": "admin.logentry"}, {"pk": 32, "fields": {"action_time": "2016-01-31T19:05:29.060Z", "object_id": "7", "user": 1, "content_type": 22, "object_repr": "Subarea object", "change_message": "Added.", "action_flag": 1}, "model": "admin.logentry"}, {"pk": 33, "fields": {"action_time": "2016-01-31T19:05:36.764Z", "object_id": "8", "user": 1, "content_type": 22, "object_repr": "Subarea object", "change_message": "Added.", "action_flag": 1}, "model": "admin.logentry"}, {"pk": 34, "fields": {"action_time": "2016-01-31T19:05:45.640Z", "object_id": "9", "user": 1, "content_type": 22, "object_repr": "Subarea object", "change_message": "Added.", "action_flag": 1}, "model": "admin.logentry"}, {"pk": 35, "fields": {"action_time": "2016-01-31T19:05:54.248Z", "object_id": "10", "user": 1, "content_type": 22, "object_repr": "Subarea object", "change_message": "Added.", "action_flag": 1}, "model": "admin.logentry"}, {"pk": 36, "fields": {"action_time": "2016-01-31T19:06:02.002Z", "object_id": "11", "user": 1, "content_type": 22, "object_repr": "Subarea object", "change_message": "Added.", "action_flag": 1}, "model": "admin.logentry"}, {"pk": 37, "fields": {"action_time": "2016-01-31T19:18:25.832Z", "object_id": "12", "user": 1, "content_type": 22, "object_repr": "M\u00fasica Erudita", "change_message": "", "action_flag": 1}, "model": "admin.logentry"}, {"pk": 38, "fields": {"action_time": "2016-01-31T19:18:40.691Z", "object_id": "13", "user": 1, "content_type": 22, "object_repr": "M\u00fasica Instrumental", "change_message": "", "action_flag": 1}, "model": "admin.logentry"}, {"pk": 39, "fields": {"action_time": "2016-01-31T19:18:51.713Z", "object_id": "14", "user": 1, "content_type": 22, "object_repr": "M\u00fasica Popular", "change_message": "", "action_flag": 1}, "model": "admin.logentry"}, {"pk": 40, "fields": {"action_time": "2016-01-31T19:19:01.051Z", "object_id": "15", "user": 1, "content_type": 22, "object_repr": "Orquestra", "change_message": "", "action_flag": 1}, "model": "admin.logentry"}, {"pk": 41, "fields": {"action_time": "2016-01-31T19:19:13.180Z", "object_id": "16", "user": 1, "content_type": 22, "object_repr": "M\u00fasica em Geral", "change_message": "", "action_flag": 1}, "model": "admin.logentry"}, {"pk": 42, "fields": {"action_time": "2016-01-31T19:19:22.978Z", "object_id": "17", "user": 1, "content_type": 22, "object_repr": "Fotografia", "change_message": "", "action_flag": 1}, "model": "admin.logentry"}, {"pk": 43, "fields": {"action_time": "2016-01-31T19:19:32.563Z", "object_id": "18", "user": 1, "content_type": 22, "object_repr": "Gr\u00e1ficas", "change_message": "", "action_flag": 1}, "model": "admin.logentry"}, {"pk": 44, "fields": {"action_time": "2016-01-31T19:19:44.127Z", "object_id": "19", "user": 1, "content_type": 22, "object_repr": "Pl\u00e1sticas", "change_message": "", "action_flag": 1}, "model": "admin.logentry"}, {"pk": 45, "fields": {"action_time": "2016-01-31T19:20:05.908Z", "object_id": "20", "user": 1, "content_type": 22, "object_repr": "Acervo", "change_message": "", "action_flag": 1}, "model": "admin.logentry"}, {"pk": 46, "fields": {"action_time": "2016-01-31T19:22:17.296Z", "object_id": "21", "user": 1, "content_type": 22, "object_repr": "Acervo", "change_message": "", "action_flag": 1}, "model": "admin.logentry"}, {"pk": 47, "fields": {"action_time": "2016-01-31T19:22:24.599Z", "object_id": "22", "user": 1, "content_type": 22, "object_repr": "Afro Brasileira", "change_message": "", "action_flag": 1}, "model": "admin.logentry"}, {"pk": 48, "fields": {"action_time": "2016-01-31T19:22:35.263Z", "object_id": "23", "user": 1, "content_type": 22, "object_repr": "Arqueol\u00f3gico", "change_message": "", "action_flag": 1}, "model": "admin.logentry"}, {"pk": 49, "fields": {"action_time": "2016-01-31T19:22:48.973Z", "object_id": "24", "user": 1, "content_type": 22, "object_repr": "Arquitet\u00f4nico", "change_message": "", "action_flag": 1}, "model": "admin.logentry"}, {"pk": 50, "fields": {"action_time": "2016-01-31T19:23:04.009Z", "object_id": "25", "user": 1, "content_type": 22, "object_repr": "Artesanato", "change_message": "", "action_flag": 1}, "model": "admin.logentry"}, {"pk": 51, "fields": {"action_time": "2016-01-31T19:23:13.160Z", "object_id": "26", "user": 1, "content_type": 22, "object_repr": "Ecol\u00f3gico", "change_message": "", "action_flag": 1}, "model": "admin.logentry"}, {"pk": 52, "fields": {"action_time": "2016-01-31T19:23:21.293Z", "object_id": "27", "user": 1, "content_type": 22, "object_repr": "Folclore", "change_message": "", "action_flag": 1}, "model": "admin.logentry"}, {"pk": 53, "fields": {"action_time": "2016-01-31T19:23:29.363Z", "object_id": "28", "user": 1, "content_type": 22, "object_repr": "Hist\u00f3rico", "change_message": "", "action_flag": 1}, "model": "admin.logentry"}, {"pk": 54, "fields": {"action_time": "2016-01-31T19:23:38.696Z", "object_id": "29", "user": 1, "content_type": 22, "object_repr": "Ind\u00edgena", "change_message": "", "action_flag": 1}, "model": "admin.logentry"}, {"pk": 55, "fields": {"action_time": "2016-01-31T19:23:47.635Z", "object_id": "30", "user": 1, "content_type": 22, "object_repr": "Museu", "change_message": "", "action_flag": 1}, "model": "admin.logentry"}, {"pk": 56, "fields": {"action_time": "2016-01-31T19:23:59.521Z", "object_id": "31", "user": 1, "content_type": 22, "object_repr": "Edi\u00e7\u00e3o de Livros e outros", "change_message": "", "action_flag": 1}, "model": "admin.logentry"}, {"pk": 57, "fields": {"action_time": "2016-01-31T19:24:10.610Z", "object_id": "32", "user": 1, "content_type": 22, "object_repr": "Evento liter\u00e1rio", "change_message": "", "action_flag": 1}, "model": "admin.logentry"}, {"pk": 58, "fields": {"action_time": "2016-01-31T19:24:19.834Z", "object_id": "33", "user": 1, "content_type": 22, "object_repr": "Leitura", "change_message": "", "action_flag": 1}, "model": "admin.logentry"}, {"pk": 59, "fields": {"action_time": "2016-01-31T19:24:29.050Z", "object_id": "34", "user": 1, "content_type": 22, "object_repr": "Conta\u00e7\u00e3o de hist\u00f3ria", "change_message": "", "action_flag": 1}, "model": "admin.logentry"}, {"pk": 60, "fields": {"action_time": "2016-01-31T19:24:38.800Z", "object_id": "35", "user": 1, "content_type": 22, "object_repr": "Sarau", "change_message": "", "action_flag": 1}, "model": "admin.logentry"}, {"pk": 61, "fields": {"action_time": "2016-01-31T19:24:47.793Z", "object_id": "36", "user": 1, "content_type": 22, "object_repr": "Outros", "change_message": "", "action_flag": 1}, "model": "admin.logentry"}, {"pk": 62, "fields": {"action_time": "2016-01-31T19:25:01.429Z", "object_id": "37", "user": 1, "content_type": 22, "object_repr": "Futebol", "change_message": "", "action_flag": 1}, "model": "admin.logentry"}, {"pk": 63, "fields": {"action_time": "2016-01-31T19:25:11.882Z", "object_id": "38", "user": 1, "content_type": 22, "object_repr": "V\u00f4lei", "change_message": "", "action_flag": 1}, "model": "admin.logentry"}, {"pk": 64, "fields": {"action_time": "2016-01-31T19:25:23.096Z", "object_id": "39", "user": 1, "content_type": 22, "object_repr": "Basquete", "change_message": "", "action_flag": 1}, "model": "admin.logentry"}, {"pk": 65, "fields": {"action_time": "2016-01-31T19:25:31.436Z", "object_id": "40", "user": 1, "content_type": 22, "object_repr": "Skate", "change_message": "", "action_flag": 1}, "model": "admin.logentry"}, {"pk": 66, "fields": {"action_time": "2016-01-31T19:25:40.782Z", "object_id": "41", "user": 1, "content_type": 22, "object_repr": "Handebol", "change_message": "", "action_flag": 1}, "model": "admin.logentry"}, {"pk": 67, "fields": {"action_time": "2016-01-31T19:25:48.207Z", "object_id": "42", "user": 1, "content_type": 22, "object_repr": "Futev\u00f4lei", "change_message": "", "action_flag": 1}, "model": "admin.logentry"}, {"pk": 68, "fields": {"action_time": "2016-01-31T19:25:55.835Z", "object_id": "43", "user": 1, "content_type": 22, "object_repr": "Capoeira", "change_message": "", "action_flag": 1}, "model": "admin.logentry"}, {"pk": 69, "fields": {"action_time": "2016-01-31T19:26:03.852Z", "object_id": "44", "user": 1, "content_type": 22, "object_repr": "Outros", "change_message": "", "action_flag": 1}, "model": "admin.logentry"}, {"pk": 70, "fields": {"action_time": "2016-01-31T19:26:17.897Z", "object_id": "45", "user": 1, "content_type": 22, "object_repr": "--", "change_message": "", "action_flag": 1}, "model": "admin.logentry"}, {"pk": 71, "fields": {"action_time": "2016-01-31T19:26:23.204Z", "object_id": "46", "user": 1, "content_type": 22, "object_repr": "--", "change_message": "", "action_flag": 1}, "model": "admin.logentry"}, {"pk": 72, "fields": {"action_time": "2016-01-31T19:27:01.001Z", "object_id": "7", "user": 1, "content_type": 21, "object_repr": "Livro, Leitura e Literatura", "change_message": "", "action_flag": 3}, "model": "admin.logentry"}, {"pk": 73, "fields": {"action_time": "2016-01-31T19:27:43.242Z", "object_id": "1", "user": 1, "content_type": 18, "object_repr": "Cineteatro", "change_message": "", "action_flag": 1}, "model": "admin.logentry"}, {"pk": 74, "fields": {"action_time": "2016-01-31T19:27:50.150Z", "object_id": "2", "user": 1, "content_type": 18, "object_repr": "Biblioteca", "change_message": "", "action_flag": 1}, "model": "admin.logentry"}, {"pk": 75, "fields": {"action_time": "2016-01-31T19:27:55.796Z", "object_id": "3", "user": 1, "content_type": 18, "object_repr": "Laborat\u00f3rio multim\u00eddia", "change_message": "", "action_flag": 1}, "model": "admin.logentry"}, {"pk": 76, "fields": {"action_time": "2016-01-31T19:28:01.746Z", "object_id": "4", "user": 1, "content_type": 18, "object_repr": "Quadra", "change_message": "", "action_flag": 1}, "model": "admin.logentry"}, {"pk": 77, "fields": {"action_time": "2016-01-31T19:28:07.982Z", "object_id": "5", "user": 1, "content_type": 18, "object_repr": "Sala multiuso", "change_message": "", "action_flag": 1}, "model": "admin.logentry"}, {"pk": 78, "fields": {"action_time": "2016-01-31T19:28:13.599Z", "object_id": "6", "user": 1, "content_type": 18, "object_repr": "CRAS", "change_message": "", "action_flag": 1}, "model": "admin.logentry"}, {"pk": 79, "fields": {"action_time": "2016-01-31T19:28:19.403Z", "object_id": "7", "user": 1, "content_type": 18, "object_repr": "Pista de skate", "change_message": "", "action_flag": 1}, "model": "admin.logentry"}, {"pk": 80, "fields": {"action_time": "2016-01-31T19:28:23.859Z", "object_id": "8", "user": 1, "content_type": 18, "object_repr": "\u00c1reas externas", "change_message": "", "action_flag": 1}, "model": "admin.logentry"}, {"pk": 81, "fields": {"action_time": "2016-01-31T19:28:49.482Z", "object_id": "1", "user": 1, "content_type": 11, "object_repr": "Egressos do sistema prisional", "change_message": "", "action_flag": 1}, "model": "admin.logentry"}, {"pk": 82, "fields": {"action_time": "2016-01-31T19:28:59.539Z", "object_id": "2", "user": 1, "content_type": 11, "object_repr": "Fam\u00edlias de presos do sistema carcer\u00e1rio", "change_message": "", "action_flag": 1}, "model": "admin.logentry"}, {"pk": 83, "fields": {"action_time": "2016-01-31T19:29:05.086Z", "object_id": "3", "user": 1, "content_type": 11, "object_repr": "jovens em medidas socioeducativas", "change_message": "", "action_flag": 1}, "model": "admin.logentry"}, {"pk": 84, "fields": {"action_time": "2016-01-31T19:29:10.206Z", "object_id": "4", "user": 1, "content_type": 11, "object_repr": "Pessoas ou grupos v\u00edtimas de viol\u00eancia", "change_message": "", "action_flag": 1}, "model": "admin.logentry"}, {"pk": 85, "fields": {"action_time": "2016-01-31T19:29:15.646Z", "object_id": "5", "user": 1, "content_type": 11, "object_repr": "Pessoas em sofrimento ps\u00edquico", "change_message": "", "action_flag": 1}, "model": "admin.logentry"}, {"pk": 86, "fields": {"action_time": "2016-01-31T19:29:21.851Z", "object_id": "6", "user": 1, "content_type": 11, "object_repr": "Popula\u00e7\u00e3o em situa\u00e7\u00e3o de rua", "change_message": "", "action_flag": 1}, "model": "admin.logentry"}, {"pk": 87, "fields": {"action_time": "2016-01-31T19:29:27.916Z", "object_id": "7", "user": 1, "content_type": 11, "object_repr": "Catadores de material recicl\u00e1vel", "change_message": "", "action_flag": 1}, "model": "admin.logentry"}, {"pk": 88, "fields": {"action_time": "2016-01-31T19:29:33.062Z", "object_id": "8", "user": 1, "content_type": 11, "object_repr": "Atingidos por empreendimento de Infraestrutura", "change_message": "", "action_flag": 1}, "model": "admin.logentry"}, {"pk": 89, "fields": {"action_time": "2016-01-31T19:29:41.027Z", "object_id": "9", "user": 1, "content_type": 11, "object_repr": "Imigrantes", "change_message": "", "action_flag": 1}, "model": "admin.logentry"}, {"pk": 90, "fields": {"action_time": "2016-01-31T19:29:46.022Z", "object_id": "10", "user": 1, "content_type": 11, "object_repr": "Familias acampadas", "change_message": "", "action_flag": 1}, "model": "admin.logentry"}, {"pk": 91, "fields": {"action_time": "2016-01-31T19:29:54.106Z", "object_id": "11", "user": 1, "content_type": 11, "object_repr": "Agricultores familiares", "change_message": "", "action_flag": 1}, "model": "admin.logentry"}, {"pk": 92, "fields": {"action_time": "2016-01-31T19:30:02.548Z", "object_id": "12", "user": 1, "content_type": 11, "object_repr": "Assentados da Reforma Agr\u00e1ria", "change_message": "", "action_flag": 1}, "model": "admin.logentry"}, {"pk": 93, "fields": {"action_time": "2016-01-31T19:30:08.285Z", "object_id": "13", "user": 1, "content_type": 11, "object_repr": "Povos e Comunidades Tradicionais de Matriz Africana", "change_message": "", "action_flag": 1}, "model": "admin.logentry"}, {"pk": 94, "fields": {"action_time": "2016-01-31T19:30:13.652Z", "object_id": "14", "user": 1, "content_type": 11, "object_repr": "Quilombolas", "change_message": "", "action_flag": 1}, "model": "admin.logentry"}, {"pk": 95, "fields": {"action_time": "2016-01-31T19:30:19.892Z", "object_id": "15", "user": 1, "content_type": 11, "object_repr": "Ind\u00edgenas", "change_message": "", "action_flag": 1}, "model": "admin.logentry"}, {"pk": 96, "fields": {"action_time": "2016-01-31T19:30:27.316Z", "object_id": "16", "user": 1, "content_type": 11, "object_repr": "Extrativistas", "change_message": "", "action_flag": 1}, "model": "admin.logentry"}, {"pk": 97, "fields": {"action_time": "2016-01-31T19:30:32.968Z", "object_id": "17", "user": 1, "content_type": 11, "object_repr": "Pescadores artesanais", "change_message": "", "action_flag": 1}, "model": "admin.logentry"}, {"pk": 98, "fields": {"action_time": "2016-01-31T19:30:38.053Z", "object_id": "18", "user": 1, "content_type": 11, "object_repr": "Ribeirinhos", "change_message": "", "action_flag": 1}, "model": "admin.logentry"}, {"pk": 99, "fields": {"action_time": "2016-01-31T19:30:43.252Z", "object_id": "19", "user": 1, "content_type": 11, "object_repr": "Sertanejos", "change_message": "", "action_flag": 1}, "model": "admin.logentry"}, {"pk": 100, "fields": {"action_time": "2016-01-31T19:30:48.200Z", "object_id": "20", "user": 1, "content_type": 11, "object_repr": "Ciganos", "change_message": "", "action_flag": 1}, "model": "admin.logentry"}, {"pk": 101, "fields": {"action_time": "2016-01-31T19:30:54.166Z", "object_id": "21", "user": 1, "content_type": 11, "object_repr": "Popula\u00e7\u00e3o de L\u00e9sbicas, Gays, Bissexuais, Travestis, Transexuais e Transg\u00eaneros -LGBT", "change_message": "", "action_flag": 1}, "model": "admin.logentry"}, {"pk": 102, "fields": {"action_time": "2016-01-31T19:31:00.398Z", "object_id": "22", "user": 1, "content_type": 11, "object_repr": "Mulheres", "change_message": "", "action_flag": 1}, "model": "admin.logentry"}, {"pk": 103, "fields": {"action_time": "2016-01-31T19:31:05.980Z", "object_id": "23", "user": 1, "content_type": 11, "object_repr": "Pessoas com defici\u00eancia", "change_message": "", "action_flag": 1}, "model": "admin.logentry"}, {"pk": 104, "fields": {"action_time": "2016-01-31T19:31:16.534Z", "object_id": "24", "user": 1, "content_type": 11, "object_repr": "Popula\u00e7\u00e3o negra", "change_message": "", "action_flag": 1}, "model": "admin.logentry"}, {"pk": 105, "fields": {"action_time": "2016-01-31T19:31:22.617Z", "object_id": "25", "user": 1, "content_type": 11, "object_repr": "Estudantes", "change_message": "", "action_flag": 1}, "model": "admin.logentry"}, {"pk": 106, "fields": {"action_time": "2016-01-31T19:31:28.791Z", "object_id": "26", "user": 1, "content_type": 11, "object_repr": "Grupos Art\u00edsticos e Culturais Independentes", "change_message": "", "action_flag": 1}, "model": "admin.logentry"}, {"pk": 107, "fields": {"action_time": "2016-01-31T19:31:34.811Z", "object_id": "27", "user": 1, "content_type": 11, "object_repr": "Mestres, praticantes, brincantes e grupos das culturas populares, urbanas e rurais", "change_message": "", "action_flag": 1}, "model": "admin.logentry"}, {"pk": 108, "fields": {"action_time": "2016-01-31T19:31:41.288Z", "object_id": "28", "user": 1, "content_type": 11, "object_repr": "N\u00e3o espec\u00edfico", "change_message": "", "action_flag": 1}, "model": "admin.logentry"}, {"pk": 109, "fields": {"action_time": "2016-01-31T19:31:54.680Z", "object_id": "1", "user": 1, "content_type": 19, "object_repr": "Crian\u00e7as", "change_message": "", "action_flag": 1}, "model": "admin.logentry"}, {"pk": 110, "fields": {"action_time": "2016-01-31T19:32:00.833Z", "object_id": "2", "user": 1, "content_type": 19, "object_repr": "Adolescentes", "change_message": "", "action_flag": 1}, "model": "admin.logentry"}, {"pk": 111, "fields": {"action_time": "2016-01-31T19:32:06.353Z", "object_id": "3", "user": 1, "content_type": 19, "object_repr": "Jovens", "change_message": "", "action_flag": 1}, "model": "admin.logentry"}, {"pk": 112, "fields": {"action_time": "2016-01-31T19:32:12.084Z", "object_id": "4", "user": 1, "content_type": 19, "object_repr": "Adultos", "change_message": "", "action_flag": 1}, "model": "admin.logentry"}, {"pk": 113, "fields": {"action_time": "2016-01-31T19:32:17.061Z", "object_id": "5", "user": 1, "content_type": 19, "object_repr": "Idosos", "change_message": "", "action_flag": 1}, "model": "admin.logentry"}, {"pk": 114, "fields": {"action_time": "2016-01-31T19:32:22.840Z", "object_id": "6", "user": 1, "content_type": 19, "object_repr": "Livre", "change_message": "", "action_flag": 1}, "model": "admin.logentry"}, {"pk": 115, "fields": {"action_time": "2016-01-31T19:32:35.719Z", "object_id": "1", "user": 1, "content_type": 12, "object_repr": "Bairro da Pra\u00e7a CEU", "change_message": "", "action_flag": 1}, "model": "admin.logentry"}, {"pk": 116, "fields": {"action_time": "2016-01-31T19:32:43.666Z", "object_id": "2", "user": 1, "content_type": 12, "object_repr": "Bairros do entorno", "change_message": "", "action_flag": 1}, "model": "admin.logentry"}, {"pk": 117, "fields": {"action_time": "2016-01-31T19:32:50.729Z", "object_id": "3", "user": 1, "content_type": 12, "object_repr": "Munic\u00edpio", "change_message": "", "action_flag": 1}, "model": "admin.logentry"}, {"pk": 118, "fields": {"action_time": "2016-01-31T19:32:56.330Z", "object_id": "4", "user": 1, "content_type": 12, "object_repr": "Munic\u00edpios do entorno", "change_message": "", "action_flag": 1}, "model": "admin.logentry"}, {"pk": 119, "fields": {"action_time": "2016-01-31T19:33:02.503Z", "object_id": "5", "user": 1, "content_type": 12, "object_repr": "Estado", "change_message": "", "action_flag": 1}, "model": "admin.logentry"}, {"pk": 120, "fields": {"action_time": "2016-01-31T19:33:22.208Z", "object_id": "1", "user": 1, "content_type": 13, "object_repr": "Di\u00e1rio", "change_message": "", "action_flag": 1}, "model": "admin.logentry"}, {"pk": 121, "fields": {"action_time": "2016-01-31T19:33:30.638Z", "object_id": "2", "user": 1, "content_type": 13, "object_repr": "Semanal", "change_message": "", "action_flag": 1}, "model": "admin.logentry"}, {"pk": 122, "fields": {"action_time": "2016-01-31T19:33:40.553Z", "object_id": "3", "user": 1, "content_type": 13, "object_repr": "Quinzenal", "change_message": "", "action_flag": 1}, "model": "admin.logentry"}, {"pk": 123, "fields": {"action_time": "2016-01-31T19:33:52.373Z", "object_id": "4", "user": 1, "content_type": 13, "object_repr": "Mensal", "change_message": "", "action_flag": 1}, "model": "admin.logentry"}, {"pk": 124, "fields": {"action_time": "2016-01-31T19:34:07.947Z", "object_id": "5", "user": 1, "content_type": 13, "object_repr": "N\u00e3o se repete", "change_message": "", "action_flag": 1}, "model": "admin.logentry"}]