[{"model": "contenttypes.contenttype", "fields": {"model": "permission", "app_label": "auth"}, "pk": 1}, {"model": "contenttypes.contenttype", "fields": {"model": "group", "app_label": "auth"}, "pk": 2}, {"model": "contenttypes.contenttype", "fields": {"model": "user", "app_label": "auth"}, "pk": 3}, {"model": "contenttypes.contenttype", "fields": {"model": "contenttype", "app_label": "contenttypes"}, "pk": 4}, {"model": "contenttypes.contenttype", "fields": {"model": "session", "app_label": "sessions"}, "pk": 5}, {"model": "contenttypes.contenttype", "fields": {"model": "logentry", "app_label": "admin"}, "pk": 6}, {"model": "contenttypes.contenttype", "fields": {"model": "publico", "app_label": "atividades"}, "pk": 11}, {"model": "contenttypes.contenttype", "fields": {"model": "abrangencia", "app_label": "atividades"}, "pk": 12}, {"model": "contenttypes.contenttype", "fields": {"model": "periodicidade", "app_label": "atividades"}, "pk": 13}, {"model": "contenttypes.contenttype", "fields": {"model": "tipo", "app_label": "atividades"}, "pk": 17}, {"model": "contenttypes.contenttype", "fields": {"model": "espaco", "app_label": "atividades"}, "pk": 18}, {"model": "contenttypes.contenttype", "fields": {"model": "faixasetaria", "app_label": "atividades"}, "pk": 19}, {"model": "contenttypes.contenttype", "fields": {"model": "parceiro", "app_label": "atividades"}, "pk": 20}, {"model": "contenttypes.contenttype", "fields": {"model": "area", "app_label": "atividades"}, "pk": 21}, {"model": "contenttypes.contenttype", "fields": {"model": "subarea", "app_label": "atividades"}, "pk": 22}, {"model": "contenttypes.contenttype", "fields": {"model": "atividade", "app_label": "atividades"}, "pk": 23}, {"model": "contenttypes.contenttype", "fields": {"model": "situacaoceu", "app_label": "atividades"}, "pk": 24}, {"model": "contenttypes.contenttype", "fields": {"model": "regiao", "app_label": "atividades"}, "pk": 25}, {"model": "contenttypes.contenttype", "fields": {"model": "estado", "app_label": "atividades"}, "pk": 26}, {"model": "contenttypes.contenttype", "fields": {"model": "municipio", "app_label": "atividades"}, "pk": 27}, {"model": "contenttypes.contenttype", "fields": {"model": "responsavel", "app_label": "atividades"}, "pk": 28}, {"model": "contenttypes.contenttype", "fields": {"model": "ceu", "app_label": "atividades"}, "pk": 29}, {"model": "sessions.session", "fields": {"expire_date": "2016-02-14T18:48:32.204Z", "session_data": "MzA5YTllY2M2NWUxNWVjNDM1OTg0MmQ1N2QxNjQ2YWYyN2VkZmYxYzp7Il9hdXRoX3VzZXJfaGFzaCI6IjBmNjZjYjg4MjhiNzExMDExZjZhYmU0NjNkNWRlZDcyMmRhYTU3ZGIiLCJfYXV0aF91c2VyX2JhY2tlbmQiOiJkamFuZ28uY29udHJpYi5hdXRoLmJhY2tlbmRzLk1vZGVsQmFja2VuZCIsIl9hdXRoX3VzZXJfaWQiOiIxIn0="}, "pk": "olc6gos0zhttryoow9j1rlxu1gj49t2f"}, {"model": "atividades.tipo", "fields": {"descricao": "Apresenta\u00e7\u00e3o", "nome": "Apresenta\u00e7\u00e3o"}, "pk": 1}, {"model": "atividades.tipo", "fields": {"descricao": "Atendimento", "nome": "Atendimento"}, "pk": 2}, {"model": "atividades.tipo", "fields": {"descricao": "Cormercializa\u00e7\u00e3o de produtos", "nome": "Cormercializa\u00e7\u00e3o de produtos"}, "pk": 3}, {"model": "atividades.tipo", "fields": {"descricao": "Curso", "nome": "Curso"}, "pk": 4}, {"model": "atividades.tipo", "fields": {"descricao": "Espet\u00e1tulo", "nome": "Espet\u00e1tulo"}, "pk": 5}, {"model": "atividades.tipo", "fields": {"descricao": "Exposi\u00e7\u00e3o", "nome": "Exposi\u00e7\u00e3o"}, "pk": 6}, {"model": "atividades.tipo", "fields": {"descricao": "Feira de trocas", "nome": "Feira de trocas"}, "pk": 7}, {"model": "atividades.tipo", "fields": {"descricao": "Oficina", "nome": "Oficina"}, "pk": 8}, {"model": "atividades.tipo", "fields": {"descricao": "Palestra", "nome": "Palestra"}, "pk": 9}, {"model": "atividades.tipo", "fields": {"descricao": "Reuni\u00e3o", "nome": "Reuni\u00e3o"}, "pk": 10}, {"model": "atividades.tipo", "fields": {"descricao": "Semin\u00e1rio", "nome": "Semin\u00e1rio"}, "pk": 11}, {"model": "atividades.tipo", "fields": {"descricao": "Show", "nome": "Show"}, "pk": 12}, {"model": "atividades.tipo", "fields": {"descricao": "Festas", "nome": "Festas"}, "pk": 13}, {"model": "atividades.tipo", "fields": {"descricao": "Outros", "nome": "Outros"}, "pk": 14}, {"model": "atividades.espaco", "fields": {"descricao": "Cineteatro", "nome": "Cineteatro"}, "pk": 1}, {"model": "atividades.espaco", "fields": {"descricao": "Biblioteca", "nome": "Biblioteca"}, "pk": 2}, {"model": "atividades.espaco", "fields": {"descricao": "Laborat\u00f3rio multim\u00eddia", "nome": "Laborat\u00f3rio multim\u00eddia"}, "pk": 3}, {"model": "atividades.espaco", "fields": {"descricao": "Quadra", "nome": "Quadra"}, "pk": 4}, {"model": "atividades.espaco", "fields": {"descricao": "Sala multiuso", "nome": "Sala multiuso"}, "pk": 5}, {"model": "atividades.espaco", "fields": {"descricao": "CRAS", "nome": "CRAS"}, "pk": 6}, {"model": "atividades.espaco", "fields": {"descricao": "Pista de skate", "nome": "Pista de skate"}, "pk": 7}, {"model": "atividades.espaco", "fields": {"descricao": "\u00c1reas externas", "nome": "\u00c1reas externas"}, "pk": 8}, {"model": "atividades.faixasetaria", "fields": {"descricao": "Crian\u00e7as", "nome": "Crian\u00e7as"}, "pk": 1}, {"model": "atividades.faixasetaria", "fields": {"descricao": "Adolescentes", "nome": "Adolescentes"}, "pk": 2}, {"model": "atividades.faixasetaria", "fields": {"descricao": "Jovens", "nome": "Jovens"}, "pk": 3}, {"model": "atividades.faixasetaria", "fields": {"descricao": "Adultos", "nome": "Adultos"}, "pk": 4}, {"model": "atividades.faixasetaria", "fields": {"descricao": "Idosos", "nome": "Idosos"}, "pk": 5}, {"model": "atividades.faixasetaria", "fields": {"descricao": "Livre", "nome": "Livre"}, "pk": 6}, {"model": "atividades.publico", "fields": {"descricao": "Egressos do sistema prisional", "nome": "Egressos do sistema prisional"}, "pk": 1}, {"model": "atividades.publico", "fields": {"descricao": "Fam\u00edlias de presos do sistema carcer\u00e1rio", "nome": "Fam\u00edlias de presos do sistema carcer\u00e1rio"}, "pk": 2}, {"model": "atividades.publico", "fields": {"descricao": "jovens em medidas socioeducativas", "nome": "jovens em medidas socioeducativas"}, "pk": 3}, {"model": "atividades.publico", "fields": {"descricao": "Pessoas ou grupos v\u00edtimas de viol\u00eancia", "nome": "Pessoas ou grupos v\u00edtimas de viol\u00eancia"}, "pk": 4}, {"model": "atividades.publico", "fields": {"descricao": "Pessoas em sofrimento ps\u00edquico", "nome": "Pessoas em sofrimento ps\u00edquico"}, "pk": 5}, {"model": "atividades.publico", "fields": {"descricao": "Popula\u00e7\u00e3o em situa\u00e7\u00e3o de rua", "nome": "Popula\u00e7\u00e3o em situa\u00e7\u00e3o de rua"}, "pk": 6}, {"model": "atividades.publico", "fields": {"descricao": "Catadores de material recicl\u00e1vel", "nome": "Catadores de material recicl\u00e1vel"}, "pk": 7}, {"model": "atividades.publico", "fields": {"descricao": "Atingidos por empreendimento de Infraestrutura", "nome": "Atingidos por empreendimento de Infraestrutura"}, "pk": 8}, {"model": "atividades.publico", "fields": {"descricao": "Imigrantes", "nome": "Imigrantes"}, "pk": 9}, {"model": "atividades.publico", "fields": {"descricao": "Familias acampadas", "nome": "Familias acampadas"}, "pk": 10}, {"model": "atividades.publico", "fields": {"descricao": "Agricultores familiares", "nome": "Agricultores familiares"}, "pk": 11}, {"model": "atividades.publico", "fields": {"descricao": "Assentados da Reforma Agr\u00e1ria", "nome": "Assentados da Reforma Agr\u00e1ria"}, "pk": 12}, {"model": "atividades.publico", "fields": {"descricao": "Povos e Comunidades Tradicionais de Matriz Africana", "nome": "Povos e Comunidades Tradicionais de Matriz Africana"}, "pk": 13}, {"model": "atividades.publico", "fields": {"descricao": "Quilombolas", "nome": "Quilombolas"}, "pk": 14}, {"model": "atividades.publico", "fields": {"descricao": "Ind\u00edgenas", "nome": "Ind\u00edgenas"}, "pk": 15}, {"model": "atividades.publico", "fields": {"descricao": "Extrativistas", "nome": "Extrativistas"}, "pk": 16}, {"model": "atividades.publico", "fields": {"descricao": "Pescadores artesanais", "nome": "Pescadores artesanais"}, "pk": 17}, {"model": "atividades.publico", "fields": {"descricao": "Ribeirinhos", "nome": "Ribeirinhos"}, "pk": 18}, {"model": "atividades.publico", "fields": {"descricao": "Sertanejos", "nome": "Sertanejos"}, "pk": 19}, {"model": "atividades.publico", "fields": {"descricao": "Ciganos", "nome": "Ciganos"}, "pk": 20}, {"model": "atividades.publico", "fields": {"descricao": "Popula\u00e7\u00e3o de L\u00e9sbicas, Gays, Bissexuais, Travestis, Transexuais e Transg\u00eaneros -LGBT", "nome": "Popula\u00e7\u00e3o de L\u00e9sbicas, Gays, Bissexuais, Travestis, Transexuais e Transg\u00eaneros -LGBT"}, "pk": 21}, {"model": "atividades.publico", "fields": {"descricao": "Mulheres", "nome": "Mulheres"}, "pk": 22}, {"model": "atividades.publico", "fields": {"descricao": "Pessoas com defici\u00eancia", "nome": "Pessoas com defici\u00eancia"}, "pk": 23}, {"model": "atividades.publico", "fields": {"descricao": "Popula\u00e7\u00e3o negra", "nome": "Popula\u00e7\u00e3o negra"}, "pk": 24}, {"model": "atividades.publico", "fields": {"descricao": "Estudantes", "nome": "Estudantes"}, "pk": 25}, {"model": "atividades.publico", "fields": {"descricao": "Grupos Art\u00edsticos e Culturais Independentes", "nome": "Grupos Art\u00edsticos e Culturais Independentes"}, "pk": 26}, {"model": "atividades.publico", "fields": {"descricao": "Mestres, praticantes, brincantes e grupos das culturas populares, urbanas e rurais", "nome": "Mestres, praticantes, brincantes e grupos das culturas populares, urbanas e rurais"}, "pk": 27}, {"model": "atividades.publico", "fields": {"descricao": "N\u00e3o espec\u00edfico", "nome": "N\u00e3o espec\u00edfico"}, "pk": 28}, {"model": "atividades.abrangencia", "fields": {"descricao": "Bairro da Pra\u00e7a CEU", "nome": "Bairro da Pra\u00e7a CEU"}, "pk": 1}, {"model": "atividades.abrangencia", "fields": {"descricao": "Bairros do entorno", "nome": "Bairros do entorno"}, "pk": 2}, {"model": "atividades.abrangencia", "fields": {"descricao": "Munic\u00edpio", "nome": "Munic\u00edpio"}, "pk": 3}, {"model": "atividades.abrangencia", "fields": {"descricao": "Munic\u00edpios do entorno", "nome": "Munic\u00edpios do entorno"}, "pk": 4}, {"model": "atividades.abrangencia", "fields": {"descricao": "Estado", "nome": "Estado"}, "pk": 5}, {"model": "atividades.periodicidade", "fields": {"descricao": "Di\u00e1rio", "nome": "Di\u00e1rio"}, "pk": 1}, {"model": "atividades.periodicidade", "fields": {"descricao": "Semanal", "nome": "Semanal"}, "pk": 2}, {"model": "atividades.periodicidade", "fields": {"descricao": "Quinzenal", "nome": "Quinzenal"}, "pk": 3}, {"model": "atividades.periodicidade", "fields": {"descricao": "Mensal", "nome": "Mensal"}, "pk": 4}, {"model": "atividades.periodicidade", "fields": {"descricao": "N\u00e3o se repete", "nome": "N\u00e3o se repete"}, "pk": 5}, {"model": "atividades.area", "fields": {"descricao": "Artes C\u00eanicas", "nome": "Artes C\u00eanicas"}, "pk": 1}, {"model": "atividades.area", "fields": {"descricao": "Audiovisual", "nome": "Audiovisual"}, "pk": 2}, {"model": "atividades.area", "fields": {"descricao": "M\u00fasica", "nome": "M\u00fasica"}, "pk": 3}, {"model": "atividades.area", "fields": {"descricao": "Artes Visuais", "nome": "Artes Visuais"}, "pk": 4}, {"model": "atividades.area", "fields": {"descricao": "Patrim\u00f4nio Cultural", "nome": "Patrim\u00f4nio Cultural"}, "pk": 5}, {"model": "atividades.area", "fields": {"descricao": "Livro, Leitura e Literatura", "nome": "Livro, Leitura e Literatura"}, "pk": 6}, {"model": "atividades.area", "fields": {"descricao": "Esportes", "nome": "Esportes"}, "pk": 8}, {"model": "atividades.area", "fields": {"descricao": "Assist\u00eancia Social", "nome": "Assist\u00eancia Social"}, "pk": 9}, {"model": "atividades.area", "fields": {"descricao": "Sa\u00fade", "nome": "Sa\u00fade"}, "pk": 10}, {"model": "atividades.area", "fields": {"descricao": "Outros", "nome": "Outros"}, "pk": 11}, {"model": "atividades.subarea", "fields": {"descricao": "Circo", "area": 1, "nome": "Circo"}, "pk": 1}, {"model": "atividades.subarea", "fields": {"descricao": "Dan\u00e7a", "area": 1, "nome": "Dan\u00e7a"}, "pk": 2}, {"model": "atividades.subarea", "fields": {"descricao": "M\u00edmica", "area": 1, "nome": "M\u00edmica"}, "pk": 3}, {"model": "atividades.subarea", "fields": {"descricao": "\u00d3pera", "area": 1, "nome": "\u00d3pera"}, "pk": 4}, {"model": "atividades.subarea", "fields": {"descricao": "Teatro", "area": 1, "nome": "Teatro"}, "pk": 5}, {"model": "atividades.subarea", "fields": {"descricao": "Exibi\u00e7\u00e3o Cinematogr\u00e1fica", "area": 2, "nome": "Exibi\u00e7\u00e3o Cinematogr\u00e1fica"}, "pk": 6}, {"model": "atividades.subarea", "fields": {"descricao": "Preserva\u00e7\u00e3o/Restaura\u00e7\u00e3o da Mem\u00f3ria Cinematogr\u00e1fica", "area": 2, "nome": "Preserva\u00e7\u00e3o/Restaura\u00e7\u00e3o da Mem\u00f3ria Cinematogr\u00e1fica"}, "pk": 7}, {"model": "atividades.subarea", "fields": {"descricao": "Produ\u00e7\u00e3o Cinematogr\u00e1fica", "area": 2, "nome": "Produ\u00e7\u00e3o Cinematogr\u00e1fica"}, "pk": 8}, {"model": "atividades.subarea", "fields": {"descricao": "Produ\u00e7\u00e3o Radiof\u00f4nica", "area": 2, "nome": "Produ\u00e7\u00e3o Radiof\u00f4nica"}, "pk": 9}, {"model": "atividades.subarea", "fields": {"descricao": "Produ\u00e7\u00e3o Televisiva", "area": 2, "nome": "Produ\u00e7\u00e3o Televisiva"}, "pk": 10}, {"model": "atividades.subarea", "fields": {"descricao": "R\u00e1dios/TVs Comunit\u00e1rias", "area": 2, "nome": "R\u00e1dios/TVs Comunit\u00e1rias"}, "pk": 11}, {"model": "atividades.subarea", "fields": {"descricao": "M\u00fasica Erudita", "area": 3, "nome": "M\u00fasica Erudita"}, "pk": 12}, {"model": "atividades.subarea", "fields": {"descricao": "M\u00fasica Instrumental", "area": 3, "nome": "M\u00fasica Instrumental"}, "pk": 13}, {"model": "atividades.subarea", "fields": {"descricao": "M\u00fasica Popular", "area": 3, "nome": "M\u00fasica Popular"}, "pk": 14}, {"model": "atividades.subarea", "fields": {"descricao": "Orquestra", "area": 3, "nome": "Orquestra"}, "pk": 15}, {"model": "atividades.subarea", "fields": {"descricao": "M\u00fasica em Geral", "area": 3, "nome": "M\u00fasica em Geral"}, "pk": 16}, {"model": "atividades.subarea", "fields": {"descricao": "Fotografia", "area": 4, "nome": "Fotografia"}, "pk": 17}, {"model": "atividades.subarea", "fields": {"descricao": "Gr\u00e1ficas", "area": 4, "nome": "Gr\u00e1ficas"}, "pk": 18}, {"model": "atividades.subarea", "fields": {"descricao": "Pl\u00e1sticas", "area": 4, "nome": "Pl\u00e1sticas"}, "pk": 19}, {"model": "atividades.subarea", "fields": {"descricao": "Acervo", "area": 5, "nome": "Acervo"}, "pk": 20}, {"model": "atividades.subarea", "fields": {"descricao": "Acervo", "area": 5, "nome": "Acervo"}, "pk": 21}, {"model": "atividades.subarea", "fields": {"descricao": "Afro Brasileira", "area": 5, "nome": "Afro Brasileira"}, "pk": 22}, {"model": "atividades.subarea", "fields": {"descricao": "Arqueol\u00f3gico", "area": 5, "nome": "Arqueol\u00f3gico"}, "pk": 23}, {"model": "atividades.subarea", "fields": {"descricao": "Arquitet\u00f4nico", "area": 5, "nome": "Arquitet\u00f4nico"}, "pk": 24}, {"model": "atividades.subarea", "fields": {"descricao": "Artesanato", "area": 5, "nome": "Artesanato"}, "pk": 25}, {"model": "atividades.subarea", "fields": {"descricao": "Ecol\u00f3gico", "area": 5, "nome": "Ecol\u00f3gico"}, "pk": 26}, {"model": "atividades.subarea", "fields": {"descricao": "Folclore", "area": 5, "nome": "Folclore"}, "pk": 27}, {"model": "atividades.subarea", "fields": {"descricao": "Hist\u00f3rico", "area": 5, "nome": "Hist\u00f3rico"}, "pk": 28}, {"model": "atividades.subarea", "fields": {"descricao": "Ind\u00edgena", "area": 5, "nome": "Ind\u00edgena"}, "pk": 29}, {"model": "atividades.subarea", "fields": {"descricao": "Museu", "area": 5, "nome": "Museu"}, "pk": 30}, {"model": "atividades.subarea", "fields": {"descricao": "Edi\u00e7\u00e3o de Livros e outros", "area": 6, "nome": "Edi\u00e7\u00e3o de Livros e outros"}, "pk": 31}, {"model": "atividades.subarea", "fields": {"descricao": "Evento liter\u00e1rio", "area": 6, "nome": "Evento liter\u00e1rio"}, "pk": 32}, {"model": "atividades.subarea", "fields": {"descricao": "Leitura", "area": 6, "nome": "Leitura"}, "pk": 33}, {"model": "atividades.subarea", "fields": {"descricao": "Conta\u00e7\u00e3o de hist\u00f3ria", "area": 6, "nome": "Conta\u00e7\u00e3o de hist\u00f3ria"}, "pk": 34}, {"model": "atividades.subarea", "fields": {"descricao": "Sarau", "area": 6, "nome": "Sarau"}, "pk": 35}, {"model": "atividades.subarea", "fields": {"descricao": "Outros", "area": 6, "nome": "Outros"}, "pk": 36}, {"model": "atividades.subarea", "fields": {"descricao": "Futebol", "area": 6, "nome": "Futebol"}, "pk": 37}, {"model": "atividades.subarea", "fields": {"descricao": "V\u00f4lei", "area": 8, "nome": "V\u00f4lei"}, "pk": 38}, {"model": "atividades.subarea", "fields": {"descricao": "Basquete", "area": 8, "nome": "Basquete"}, "pk": 39}, {"model": "atividades.subarea", "fields": {"descricao": "Skate", "area": 8, "nome": "Skate"}, "pk": 40}, {"model": "atividades.subarea", "fields": {"descricao": "Handebol", "area": 8, "nome": "Handebol"}, "pk": 41}, {"model": "atividades.subarea", "fields": {"descricao": "Futev\u00f4lei", "area": 8, "nome": "Futev\u00f4lei"}, "pk": 42}, {"model": "atividades.subarea", "fields": {"descricao": "Capoeira", "area": 8, "nome": "Capoeira"}, "pk": 43}, {"model": "atividades.subarea", "fields": {"descricao": "Outros", "area": 8, "nome": "Outros"}, "pk": 44}, {"model": "atividades.subarea", "fields": {"descricao": "--", "area": 9, "nome": "--"}, "pk": 45}, {"model": "atividades.subarea", "fields": {"descricao": "--", "area": 10, "nome": "--"}, "pk": 46}, {"model": "atividades.atividade", "fields": {"tipo": 1, "faixas_etarias": [2, 3], "publico_esperado": 26, "data_termino": "2016-02-10", "hora_termino": "15:40:00", "periodicidade": 2, "data_inicio": "2016-02-19", "descricao": "ttessttee", "hora_inicio": "13:40:00", "espacos": [2, 3], "abrangencia": 4, "area": 2, "subarea": 2, "nome": "festa junina", "parceiros": "nois", "publico": [9, 10, 11]}, "pk": 1}, {"model": "atividades.atividade", "fields": {"tipo": 1, "faixas_etarias": [2, 3], "publico_esperado": 26, "data_termino": "2016-02-10", "hora_termino": "15:40:00", "periodicidade": 2, "data_inicio": "2016-02-19", "descricao": "ttessttee", "hora_inicio": "13:40:00", "espacos": [2, 3], "abrangencia": 4, "area": 2, "subarea": 2, "nome": "Festa de dan\u00e7a", "parceiros": "nois", "publico": [26, 27, 28]}, "pk": 2}, {"model": "atividades.atividade", "fields": {"tipo": 1, "faixas_etarias": [2, 3, 4], "publico_esperado": 123, "data_termino": "2016-02-10", "hora_termino": "18:00:00", "periodicidade": 3, "data_inicio": "2016-02-19", "descricao": "novo sistema dos CEUS", "hora_inicio": "13:40:00", "espacos": [1, 2, 3], "abrangencia": 2, "area": 3, "subarea": 4, "nome": "Lan\u00e7amento do Sistema", "parceiros": "123", "publico": [2, 3]}, "pk": 4}, {"model": "auth.permission", "fields": {"codename": "add_permission", "name": "Can add permission", "content_type": 1}, "pk": 1}, {"model": "auth.permission", "fields": {"codename": "change_permission", "name": "Can change permission", "content_type": 1}, "pk": 2}, {"model": "auth.permission", "fields": {"codename": "delete_permission", "name": "Can delete permission", "content_type": 1}, "pk": 3}, {"model": "auth.permission", "fields": {"codename": "add_group", "name": "Can add group", "content_type": 2}, "pk": 4}, {"model": "auth.permission", "fields": {"codename": "change_group", "name": "Can change group", "content_type": 2}, "pk": 5}, {"model": "auth.permission", "fields": {"codename": "delete_group", "name": "Can delete group", "content_type": 2}, "pk": 6}, {"model": "auth.permission", "fields": {"codename": "add_user", "name": "Can add user", "content_type": 3}, "pk": 7}, {"model": "auth.permission", "fields": {"codename": "change_user", "name": "Can change user", "content_type": 3}, "pk": 8}, {"model": "auth.permission", "fields": {"codename": "delete_user", "name": "Can delete user", "content_type": 3}, "pk": 9}, {"model": "auth.permission", "fields": {"codename": "add_contenttype", "name": "Can add content type", "content_type": 4}, "pk": 10}, {"model": "auth.permission", "fields": {"codename": "change_contenttype", "name": "Can change content type", "content_type": 4}, "pk": 11}, {"model": "auth.permission", "fields": {"codename": "delete_contenttype", "name": "Can delete content type", "content_type": 4}, "pk": 12}, {"model": "auth.permission", "fields": {"codename": "add_session", "name": "Can add session", "content_type": 5}, "pk": 13}, {"model": "auth.permission", "fields": {"codename": "change_session", "name": "Can change session", "content_type": 5}, "pk": 14}, {"model": "auth.permission", "fields": {"codename": "delete_session", "name": "Can delete session", "content_type": 5}, "pk": 15}, {"model": "auth.permission", "fields": {"codename": "add_logentry", "name": "Can add log entry", "content_type": 6}, "pk": 16}, {"model": "auth.permission", "fields": {"codename": "change_logentry", "name": "Can change log entry", "content_type": 6}, "pk": 17}, {"model": "auth.permission", "fields": {"codename": "delete_logentry", "name": "Can delete log entry", "content_type": 6}, "pk": 18}, {"model": "auth.permission", "fields": {"codename": "add_publico", "name": "Can add publico", "content_type": 11}, "pk": 31}, {"model": "auth.permission", "fields": {"codename": "change_publico", "name": "Can change publico", "content_type": 11}, "pk": 32}, {"model": "auth.permission", "fields": {"codename": "delete_publico", "name": "Can delete publico", "content_type": 11}, "pk": 33}, {"model": "auth.permission", "fields": {"codename": "add_abrangencia", "name": "Can add abrangencia", "content_type": 12}, "pk": 34}, {"model": "auth.permission", "fields": {"codename": "change_abrangencia", "name": "Can change abrangencia", "content_type": 12}, "pk": 35}, {"model": "auth.permission", "fields": {"codename": "delete_abrangencia", "name": "Can delete abrangencia", "content_type": 12}, "pk": 36}, {"model": "auth.permission", "fields": {"codename": "add_periodicidade", "name": "Can add periodicidade", "content_type": 13}, "pk": 37}, {"model": "auth.permission", "fields": {"codename": "change_periodicidade", "name": "Can change periodicidade", "content_type": 13}, "pk": 38}, {"model": "auth.permission", "fields": {"codename": "delete_periodicidade", "name": "Can delete periodicidade", "content_type": 13}, "pk": 39}, {"model": "auth.permission", "fields": {"codename": "add_tipo", "name": "Can add tipo", "content_type": 17}, "pk": 49}, {"model": "auth.permission", "fields": {"codename": "change_tipo", "name": "Can change tipo", "content_type": 17}, "pk": 50}, {"model": "auth.permission", "fields": {"codename": "delete_tipo", "name": "Can delete tipo", "content_type": 17}, "pk": 51}, {"model": "auth.permission", "fields": {"codename": "add_espaco", "name": "Can add espaco", "content_type": 18}, "pk": 52}, {"model": "auth.permission", "fields": {"codename": "change_espaco", "name": "Can change espaco", "content_type": 18}, "pk": 53}, {"model": "auth.permission", "fields": {"codename": "delete_espaco", "name": "Can delete espaco", "content_type": 18}, "pk": 54}, {"model": "auth.permission", "fields": {"codename": "add_faixasetaria", "name": "Can add faixas etaria", "content_type": 19}, "pk": 55}, {"model": "auth.permission", "fields": {"codename": "change_faixasetaria", "name": "Can change faixas etaria", "content_type": 19}, "pk": 56}, {"model": "auth.permission", "fields": {"codename": "delete_faixasetaria", "name": "Can delete faixas etaria", "content_type": 19}, "pk": 57}, {"model": "auth.permission", "fields": {"codename": "add_parceiro", "name": "Can add parceiro", "content_type": 20}, "pk": 58}, {"model": "auth.permission", "fields": {"codename": "change_parceiro", "name": "Can change parceiro", "content_type": 20}, "pk": 59}, {"model": "auth.permission", "fields": {"codename": "delete_parceiro", "name": "Can delete parceiro", "content_type": 20}, "pk": 60}, {"model": "auth.permission", "fields": {"codename": "add_area", "name": "Can add area", "content_type": 21}, "pk": 61}, {"model": "auth.permission", "fields": {"codename": "change_area", "name": "Can change area", "content_type": 21}, "pk": 62}, {"model": "auth.permission", "fields": {"codename": "delete_area", "name": "Can delete area", "content_type": 21}, "pk": 63}, {"model": "auth.permission", "fields": {"codename": "add_subarea", "name": "Can add subarea", "content_type": 22}, "pk": 64}, {"model": "auth.permission", "fields": {"codename": "change_subarea", "name": "Can change subarea", "content_type": 22}, "pk": 65}, {"model": "auth.permission", "fields": {"codename": "delete_subarea", "name": "Can delete subarea", "content_type": 22}, "pk": 66}, {"model": "auth.permission", "fields": {"codename": "add_atividade", "name": "Can add atividade", "content_type": 23}, "pk": 67}, {"model": "auth.permission", "fields": {"codename": "change_atividade", "name": "Can change atividade", "content_type": 23}, "pk": 68}, {"model": "auth.permission", "fields": {"codename": "delete_atividade", "name": "Can delete atividade", "content_type": 23}, "pk": 69}, {"model": "auth.permission", "fields": {"codename": "add_situacaoceu", "name": "Can add situacao ceu", "content_type": 24}, "pk": 70}, {"model": "auth.permission", "fields": {"codename": "change_situacaoceu", "name": "Can change situacao ceu", "content_type": 24}, "pk": 71}, {"model": "auth.permission", "fields": {"codename": "delete_situacaoceu", "name": "Can delete situacao ceu", "content_type": 24}, "pk": 72}, {"model": "auth.permission", "fields": {"codename": "add_regiao", "name": "Can add regiao", "content_type": 25}, "pk": 73}, {"model": "auth.permission", "fields": {"codename": "change_regiao", "name": "Can change regiao", "content_type": 25}, "pk": 74}, {"model": "auth.permission", "fields": {"codename": "delete_regiao", "name": "Can delete regiao", "content_type": 25}, "pk": 75}, {"model": "auth.permission", "fields": {"codename": "add_estado", "name": "Can add estado", "content_type": 26}, "pk": 76}, {"model": "auth.permission", "fields": {"codename": "change_estado", "name": "Can change estado", "content_type": 26}, "pk": 77}, {"model": "auth.permission", "fields": {"codename": "delete_estado", "name": "Can delete estado", "content_type": 26}, "pk": 78}, {"model": "auth.permission", "fields": {"codename": "add_municipio", "name": "Can add municipio", "content_type": 27}, "pk": 79}, {"model": "auth.permission", "fields": {"codename": "change_municipio", "name": "Can change municipio", "content_type": 27}, "pk": 80}, {"model": "auth.permission", "fields": {"codename": "delete_municipio", "name": "Can delete municipio", "content_type": 27}, "pk": 81}, {"model": "auth.permission", "fields": {"codename": "add_responsavel", "name": "Can add responsavel", "content_type": 28}, "pk": 82}, {"model": "auth.permission", "fields": {"codename": "change_responsavel", "name": "Can change responsavel", "content_type": 28}, "pk": 83}, {"model": "auth.permission", "fields": {"codename": "delete_responsavel", "name": "Can delete responsavel", "content_type": 28}, "pk": 84}, {"model": "auth.permission", "fields": {"codename": "add_ceu", "name": "Can add ceu", "content_type": 29}, "pk": 85}, {"model": "auth.permission", "fields": {"codename": "change_ceu", "name": "Can change ceu", "content_type": 29}, "pk": 86}, {"model": "auth.permission", "fields": {"codename": "delete_ceu", "name": "Can delete ceu", "content_type": 29}, "pk": 87}, {"model": "auth.user", "fields": {"username": "admin", "is_staff": true, "groups": [], "is_superuser": true, "last_name": "", "first_name": "", "user_permissions": [], "email": "cgti@cultura.gov.br", "is_active": true, "last_login": "2016-01-31T18:48:32.201Z", "date_joined": "2016-01-31T18:48:19.709Z", "password": "pbkdf2_sha256$24000$59ck457xEjND$jSTQMMmDFaVxx6v8itB3YZZ7qWlZfFwxB0p8lzsyKNQ="}, "pk": 1}, {"model": "admin.logentry", "fields": {"action_time": "2016-01-31T18:58:25.811Z", "object_id": "1", "action_flag": 1, "change_message": "Added.", "object_repr": "Tipo object", "user": 1, "content_type": 17}, "pk": 1}, {"model": "admin.logentry", "fields": {"action_time": "2016-01-31T18:58:39.139Z", "object_id": "2", "action_flag": 1, "change_message": "Added.", "object_repr": "Tipo object", "user": 1, "content_type": 17}, "pk": 2}, {"model": "admin.logentry", "fields": {"action_time": "2016-01-31T18:58:48.649Z", "object_id": "3", "action_flag": 1, "change_message": "Added.", "object_repr": "Tipo object", "user": 1, "content_type": 17}, "pk": 3}, {"model": "admin.logentry", "fields": {"action_time": "2016-01-31T18:58:57.237Z", "object_id": "4", "action_flag": 1, "change_message": "Added.", "object_repr": "Tipo object", "user": 1, "content_type": 17}, "pk": 4}, {"model": "admin.logentry", "fields": {"action_time": "2016-01-31T18:59:05.227Z", "object_id": "5", "action_flag": 1, "change_message": "Added.", "object_repr": "Tipo object", "user": 1, "content_type": 17}, "pk": 5}, {"model": "admin.logentry", "fields": {"action_time": "2016-01-31T18:59:12.057Z", "object_id": "6", "action_flag": 1, "change_message": "Added.", "object_repr": "Tipo object", "user": 1, "content_type": 17}, "pk": 6}, {"model": "admin.logentry", "fields": {"action_time": "2016-01-31T18:59:19.162Z", "object_id": "7", "action_flag": 1, "change_message": "Added.", "object_repr": "Tipo object", "user": 1, "content_type": 17}, "pk": 7}, {"model": "admin.logentry", "fields": {"action_time": "2016-01-31T18:59:27.652Z", "object_id": "8", "action_flag": 1, "change_message": "Added.", "object_repr": "Tipo object", "user": 1, "content_type": 17}, "pk": 8}, {"model": "admin.logentry", "fields": {"action_time": "2016-01-31T18:59:35.565Z", "object_id": "9", "action_flag": 1, "change_message": "Added.", "object_repr": "Tipo object", "user": 1, "content_type": 17}, "pk": 9}, {"model": "admin.logentry", "fields": {"action_time": "2016-01-31T18:59:41.943Z", "object_id": "10", "action_flag": 1, "change_message": "Added.", "object_repr": "Tipo object", "user": 1, "content_type": 17}, "pk": 10}, {"model": "admin.logentry", "fields": {"action_time": "2016-01-31T18:59:48.296Z", "object_id": "11", "action_flag": 1, "change_message": "Added.", "object_repr": "Tipo object", "user": 1, "content_type": 17}, "pk": 11}, {"model": "admin.logentry", "fields": {"action_time": "2016-01-31T18:59:55.765Z", "object_id": "12", "action_flag": 1, "change_message": "Added.", "object_repr": "Tipo object", "user": 1, "content_type": 17}, "pk": 12}, {"model": "admin.logentry", "fields": {"action_time": "2016-01-31T19:00:03.771Z", "object_id": "13", "action_flag": 1, "change_message": "Added.", "object_repr": "Tipo object", "user": 1, "content_type": 17}, "pk": 13}, {"model": "admin.logentry", "fields": {"action_time": "2016-01-31T19:00:14.368Z", "object_id": "14", "action_flag": 1, "change_message": "Added.", "object_repr": "Tipo object", "user": 1, "content_type": 17}, "pk": 14}, {"model": "admin.logentry", "fields": {"action_time": "2016-01-31T19:00:29.424Z", "object_id": "1", "action_flag": 1, "change_message": "Added.", "object_repr": "Area object", "user": 1, "content_type": 21}, "pk": 15}, {"model": "admin.logentry", "fields": {"action_time": "2016-01-31T19:00:36.593Z", "object_id": "2", "action_flag": 1, "change_message": "Added.", "object_repr": "Area object", "user": 1, "content_type": 21}, "pk": 16}, {"model": "admin.logentry", "fields": {"action_time": "2016-01-31T19:00:45.558Z", "object_id": "3", "action_flag": 1, "change_message": "Added.", "object_repr": "Area object", "user": 1, "content_type": 21}, "pk": 17}, {"model": "admin.logentry", "fields": {"action_time": "2016-01-31T19:00:52.647Z", "object_id": "4", "action_flag": 1, "change_message": "Added.", "object_repr": "Area object", "user": 1, "content_type": 21}, "pk": 18}, {"model": "admin.logentry", "fields": {"action_time": "2016-01-31T19:00:58.814Z", "object_id": "5", "action_flag": 1, "change_message": "Added.", "object_repr": "Area object", "user": 1, "content_type": 21}, "pk": 19}, {"model": "admin.logentry", "fields": {"action_time": "2016-01-31T19:01:05.240Z", "object_id": "6", "action_flag": 1, "change_message": "Added.", "object_repr": "Area object", "user": 1, "content_type": 21}, "pk": 20}, {"model": "admin.logentry", "fields": {"action_time": "2016-01-31T19:01:44.529Z", "object_id": "7", "action_flag": 1, "change_message": "Added.", "object_repr": "Area object", "user": 1, "content_type": 21}, "pk": 21}, {"model": "admin.logentry", "fields": {"action_time": "2016-01-31T19:01:52.394Z", "object_id": "8", "action_flag": 1, "change_message": "Added.", "object_repr": "Area object", "user": 1, "content_type": 21}, "pk": 22}, {"model": "admin.logentry", "fields": {"action_time": "2016-01-31T19:01:58.829Z", "object_id": "9", "action_flag": 1, "change_message": "Added.", "object_repr": "Area object", "user": 1, "content_type": 21}, "pk": 23}, {"model": "admin.logentry", "fields": {"action_time": "2016-01-31T19:02:05.235Z", "object_id": "10", "action_flag": 1, "change_message": "Added.", "object_repr": "Area object", "user": 1, "content_type": 21}, "pk": 24}, {"model": "admin.logentry", "fields": {"action_time": "2016-01-31T19:02:12.936Z", "object_id": "11", "action_flag": 1, "change_message": "Added.", "object_repr": "Area object", "user": 1, "content_type": 21}, "pk": 25}, {"model": "admin.logentry", "fields": {"action_time": "2016-01-31T19:03:11.531Z", "object_id": "1", "action_flag": 1, "change_message": "Added.", "object_repr": "Subarea object", "user": 1, "content_type": 22}, "pk": 26}, {"model": "admin.logentry", "fields": {"action_time": "2016-01-31T19:03:25.428Z", "object_id": "2", "action_flag": 1, "change_message": "Added.", "object_repr": "Subarea object", "user": 1, "content_type": 22}, "pk": 27}, {"model": "admin.logentry", "fields": {"action_time": "2016-01-31T19:03:34.523Z", "object_id": "3", "action_flag": 1, "change_message": "Added.", "object_repr": "Subarea object", "user": 1, "content_type": 22}, "pk": 28}, {"model": "admin.logentry", "fields": {"action_time": "2016-01-31T19:03:50.355Z", "object_id": "4", "action_flag": 1, "change_message": "Added.", "object_repr": "Subarea object", "user": 1, "content_type": 22}, "pk": 29}, {"model": "admin.logentry", "fields": {"action_time": "2016-01-31T19:03:55.185Z", "object_id": "5", "action_flag": 1, "change_message": "Added.", "object_repr": "Subarea object", "user": 1, "content_type": 22}, "pk": 30}, {"model": "admin.logentry", "fields": {"action_time": "2016-01-31T19:04:13.318Z", "object_id": "6", "action_flag": 1, "change_message": "Added.", "object_repr": "Subarea object", "user": 1, "content_type": 22}, "pk": 31}, {"model": "admin.logentry", "fields": {"action_time": "2016-01-31T19:05:29.060Z", "object_id": "7", "action_flag": 1, "change_message": "Added.", "object_repr": "Subarea object", "user": 1, "content_type": 22}, "pk": 32}, {"model": "admin.logentry", "fields": {"action_time": "2016-01-31T19:05:36.764Z", "object_id": "8", "action_flag": 1, "change_message": "Added.", "object_repr": "Subarea object", "user": 1, "content_type": 22}, "pk": 33}, {"model": "admin.logentry", "fields": {"action_time": "2016-01-31T19:05:45.640Z", "object_id": "9", "action_flag": 1, "change_message": "Added.", "object_repr": "Subarea object", "user": 1, "content_type": 22}, "pk": 34}, {"model": "admin.logentry", "fields": {"action_time": "2016-01-31T19:05:54.248Z", "object_id": "10", "action_flag": 1, "change_message": "Added.", "object_repr": "Subarea object", "user": 1, "content_type": 22}, "pk": 35}, {"model": "admin.logentry", "fields": {"action_time": "2016-01-31T19:06:02.002Z", "object_id": "11", "action_flag": 1, "change_message": "Added.", "object_repr": "Subarea object", "user": 1, "content_type": 22}, "pk": 36}, {"model": "admin.logentry", "fields": {"action_time": "2016-01-31T19:18:25.832Z", "object_id": "12", "action_flag": 1, "change_message": "", "object_repr": "M\u00fasica Erudita", "user": 1, "content_type": 22}, "pk": 37}, {"model": "admin.logentry", "fields": {"action_time": "2016-01-31T19:18:40.691Z", "object_id": "13", "action_flag": 1, "change_message": "", "object_repr": "M\u00fasica Instrumental", "user": 1, "content_type": 22}, "pk": 38}, {"model": "admin.logentry", "fields": {"action_time": "2016-01-31T19:18:51.713Z", "object_id": "14", "action_flag": 1, "change_message": "", "object_repr": "M\u00fasica Popular", "user": 1, "content_type": 22}, "pk": 39}, {"model": "admin.logentry", "fields": {"action_time": "2016-01-31T19:19:01.051Z", "object_id": "15", "action_flag": 1, "change_message": "", "object_repr": "Orquestra", "user": 1, "content_type": 22}, "pk": 40}, {"model": "admin.logentry", "fields": {"action_time": "2016-01-31T19:19:13.180Z", "object_id": "16", "action_flag": 1, "change_message": "", "object_repr": "M\u00fasica em Geral", "user": 1, "content_type": 22}, "pk": 41}, {"model": "admin.logentry", "fields": {"action_time": "2016-01-31T19:19:22.978Z", "object_id": "17", "action_flag": 1, "change_message": "", "object_repr": "Fotografia", "user": 1, "content_type": 22}, "pk": 42}, {"model": "admin.logentry", "fields": {"action_time": "2016-01-31T19:19:32.563Z", "object_id": "18", "action_flag": 1, "change_message": "", "object_repr": "Gr\u00e1ficas", "user": 1, "content_type": 22}, "pk": 43}, {"model": "admin.logentry", "fields": {"action_time": "2016-01-31T19:19:44.127Z", "object_id": "19", "action_flag": 1, "change_message": "", "object_repr": "Pl\u00e1sticas", "user": 1, "content_type": 22}, "pk": 44}, {"model": "admin.logentry", "fields": {"action_time": "2016-01-31T19:20:05.908Z", "object_id": "20", "action_flag": 1, "change_message": "", "object_repr": "Acervo", "user": 1, "content_type": 22}, "pk": 45}, {"model": "admin.logentry", "fields": {"action_time": "2016-01-31T19:22:17.296Z", "object_id": "21", "action_flag": 1, "change_message": "", "object_repr": "Acervo", "user": 1, "content_type": 22}, "pk": 46}, {"model": "admin.logentry", "fields": {"action_time": "2016-01-31T19:22:24.599Z", "object_id": "22", "action_flag": 1, "change_message": "", "object_repr": "Afro Brasileira", "user": 1, "content_type": 22}, "pk": 47}, {"model": "admin.logentry", "fields": {"action_time": "2016-01-31T19:22:35.263Z", "object_id": "23", "action_flag": 1, "change_message": "", "object_repr": "Arqueol\u00f3gico", "user": 1, "content_type": 22}, "pk": 48}, {"model": "admin.logentry", "fields": {"action_time": "2016-01-31T19:22:48.973Z", "object_id": "24", "action_flag": 1, "change_message": "", "object_repr": "Arquitet\u00f4nico", "user": 1, "content_type": 22}, "pk": 49}, {"model": "admin.logentry", "fields": {"action_time": "2016-01-31T19:23:04.009Z", "object_id": "25", "action_flag": 1, "change_message": "", "object_repr": "Artesanato", "user": 1, "content_type": 22}, "pk": 50}, {"model": "admin.logentry", "fields": {"action_time": "2016-01-31T19:23:13.160Z", "object_id": "26", "action_flag": 1, "change_message": "", "object_repr": "Ecol\u00f3gico", "user": 1, "content_type": 22}, "pk": 51}, {"model": "admin.logentry", "fields": {"action_time": "2016-01-31T19:23:21.293Z", "object_id": "27", "action_flag": 1, "change_message": "", "object_repr": "Folclore", "user": 1, "content_type": 22}, "pk": 52}, {"model": "admin.logentry", "fields": {"action_time": "2016-01-31T19:23:29.363Z", "object_id": "28", "action_flag": 1, "change_message": "", "object_repr": "Hist\u00f3rico", "user": 1, "content_type": 22}, "pk": 53}, {"model": "admin.logentry", "fields": {"action_time": "2016-01-31T19:23:38.696Z", "object_id": "29", "action_flag": 1, "change_message": "", "object_repr": "Ind\u00edgena", "user": 1, "content_type": 22}, "pk": 54}, {"model": "admin.logentry", "fields": {"action_time": "2016-01-31T19:23:47.635Z", "object_id": "30", "action_flag": 1, "change_message": "", "object_repr": "Museu", "user": 1, "content_type": 22}, "pk": 55}, {"model": "admin.logentry", "fields": {"action_time": "2016-01-31T19:23:59.521Z", "object_id": "31", "action_flag": 1, "change_message": "", "object_repr": "Edi\u00e7\u00e3o de Livros e outros", "user": 1, "content_type": 22}, "pk": 56}, {"model": "admin.logentry", "fields": {"action_time": "2016-01-31T19:24:10.610Z", "object_id": "32", "action_flag": 1, "change_message": "", "object_repr": "Evento liter\u00e1rio", "user": 1, "content_type": 22}, "pk": 57}, {"model": "admin.logentry", "fields": {"action_time": "2016-01-31T19:24:19.834Z", "object_id": "33", "action_flag": 1, "change_message": "", "object_repr": "Leitura", "user": 1, "content_type": 22}, "pk": 58}, {"model": "admin.logentry", "fields": {"action_time": "2016-01-31T19:24:29.050Z", "object_id": "34", "action_flag": 1, "change_message": "", "object_repr": "Conta\u00e7\u00e3o de hist\u00f3ria", "user": 1, "content_type": 22}, "pk": 59}, {"model": "admin.logentry", "fields": {"action_time": "2016-01-31T19:24:38.800Z", "object_id": "35", "action_flag": 1, "change_message": "", "object_repr": "Sarau", "user": 1, "content_type": 22}, "pk": 60}, {"model": "admin.logentry", "fields": {"action_time": "2016-01-31T19:24:47.793Z", "object_id": "36", "action_flag": 1, "change_message": "", "object_repr": "Outros", "user": 1, "content_type": 22}, "pk": 61}, {"model": "admin.logentry", "fields": {"action_time": "2016-01-31T19:25:01.429Z", "object_id": "37", "action_flag": 1, "change_message": "", "object_repr": "Futebol", "user": 1, "content_type": 22}, "pk": 62}, {"model": "admin.logentry", "fields": {"action_time": "2016-01-31T19:25:11.882Z", "object_id": "38", "action_flag": 1, "change_message": "", "object_repr": "V\u00f4lei", "user": 1, "content_type": 22}, "pk": 63}, {"model": "admin.logentry", "fields": {"action_time": "2016-01-31T19:25:23.096Z", "object_id": "39", "action_flag": 1, "change_message": "", "object_repr": "Basquete", "user": 1, "content_type": 22}, "pk": 64}, {"model": "admin.logentry", "fields": {"action_time": "2016-01-31T19:25:31.436Z", "object_id": "40", "action_flag": 1, "change_message": "", "object_repr": "Skate", "user": 1, "content_type": 22}, "pk": 65}, {"model": "admin.logentry", "fields": {"action_time": "2016-01-31T19:25:40.782Z", "object_id": "41", "action_flag": 1, "change_message": "", "object_repr": "Handebol", "user": 1, "content_type": 22}, "pk": 66}, {"model": "admin.logentry", "fields": {"action_time": "2016-01-31T19:25:48.207Z", "object_id": "42", "action_flag": 1, "change_message": "", "object_repr": "Futev\u00f4lei", "user": 1, "content_type": 22}, "pk": 67}, {"model": "admin.logentry", "fields": {"action_time": "2016-01-31T19:25:55.835Z", "object_id": "43", "action_flag": 1, "change_message": "", "object_repr": "Capoeira", "user": 1, "content_type": 22}, "pk": 68}, {"model": "admin.logentry", "fields": {"action_time": "2016-01-31T19:26:03.852Z", "object_id": "44", "action_flag": 1, "change_message": "", "object_repr": "Outros", "user": 1, "content_type": 22}, "pk": 69}, {"model": "admin.logentry", "fields": {"action_time": "2016-01-31T19:26:17.897Z", "object_id": "45", "action_flag": 1, "change_message": "", "object_repr": "--", "user": 1, "content_type": 22}, "pk": 70}, {"model": "admin.logentry", "fields": {"action_time": "2016-01-31T19:26:23.204Z", "object_id": "46", "action_flag": 1, "change_message": "", "object_repr": "--", "user": 1, "content_type": 22}, "pk": 71}, {"model": "admin.logentry", "fields": {"action_time": "2016-01-31T19:27:01.001Z", "object_id": "7", "action_flag": 3, "change_message": "", "object_repr": "Livro, Leitura e Literatura", "user": 1, "content_type": 21}, "pk": 72}, {"model": "admin.logentry", "fields": {"action_time": "2016-01-31T19:27:43.242Z", "object_id": "1", "action_flag": 1, "change_message": "", "object_repr": "Cineteatro", "user": 1, "content_type": 18}, "pk": 73}, {"model": "admin.logentry", "fields": {"action_time": "2016-01-31T19:27:50.150Z", "object_id": "2", "action_flag": 1, "change_message": "", "object_repr": "Biblioteca", "user": 1, "content_type": 18}, "pk": 74}, {"model": "admin.logentry", "fields": {"action_time": "2016-01-31T19:27:55.796Z", "object_id": "3", "action_flag": 1, "change_message": "", "object_repr": "Laborat\u00f3rio multim\u00eddia", "user": 1, "content_type": 18}, "pk": 75}, {"model": "admin.logentry", "fields": {"action_time": "2016-01-31T19:28:01.746Z", "object_id": "4", "action_flag": 1, "change_message": "", "object_repr": "Quadra", "user": 1, "content_type": 18}, "pk": 76}, {"model": "admin.logentry", "fields": {"action_time": "2016-01-31T19:28:07.982Z", "object_id": "5", "action_flag": 1, "change_message": "", "object_repr": "Sala multiuso", "user": 1, "content_type": 18}, "pk": 77}, {"model": "admin.logentry", "fields": {"action_time": "2016-01-31T19:28:13.599Z", "object_id": "6", "action_flag": 1, "change_message": "", "object_repr": "CRAS", "user": 1, "content_type": 18}, "pk": 78}, {"model": "admin.logentry", "fields": {"action_time": "2016-01-31T19:28:19.403Z", "object_id": "7", "action_flag": 1, "change_message": "", "object_repr": "Pista de skate", "user": 1, "content_type": 18}, "pk": 79}, {"model": "admin.logentry", "fields": {"action_time": "2016-01-31T19:28:23.859Z", "object_id": "8", "action_flag": 1, "change_message": "", "object_repr": "\u00c1reas externas", "user": 1, "content_type": 18}, "pk": 80}, {"model": "admin.logentry", "fields": {"action_time": "2016-01-31T19:28:49.482Z", "object_id": "1", "action_flag": 1, "change_message": "", "object_repr": "Egressos do sistema prisional", "user": 1, "content_type": 11}, "pk": 81}, {"model": "admin.logentry", "fields": {"action_time": "2016-01-31T19:28:59.539Z", "object_id": "2", "action_flag": 1, "change_message": "", "object_repr": "Fam\u00edlias de presos do sistema carcer\u00e1rio", "user": 1, "content_type": 11}, "pk": 82}, {"model": "admin.logentry", "fields": {"action_time": "2016-01-31T19:29:05.086Z", "object_id": "3", "action_flag": 1, "change_message": "", "object_repr": "jovens em medidas socioeducativas", "user": 1, "content_type": 11}, "pk": 83}, {"model": "admin.logentry", "fields": {"action_time": "2016-01-31T19:29:10.206Z", "object_id": "4", "action_flag": 1, "change_message": "", "object_repr": "Pessoas ou grupos v\u00edtimas de viol\u00eancia", "user": 1, "content_type": 11}, "pk": 84}, {"model": "admin.logentry", "fields": {"action_time": "2016-01-31T19:29:15.646Z", "object_id": "5", "action_flag": 1, "change_message": "", "object_repr": "Pessoas em sofrimento ps\u00edquico", "user": 1, "content_type": 11}, "pk": 85}, {"model": "admin.logentry", "fields": {"action_time": "2016-01-31T19:29:21.851Z", "object_id": "6", "action_flag": 1, "change_message": "", "object_repr": "Popula\u00e7\u00e3o em situa\u00e7\u00e3o de rua", "user": 1, "content_type": 11}, "pk": 86}, {"model": "admin.logentry", "fields": {"action_time": "2016-01-31T19:29:27.916Z", "object_id": "7", "action_flag": 1, "change_message": "", "object_repr": "Catadores de material recicl\u00e1vel", "user": 1, "content_type": 11}, "pk": 87}, {"model": "admin.logentry", "fields": {"action_time": "2016-01-31T19:29:33.062Z", "object_id": "8", "action_flag": 1, "change_message": "", "object_repr": "Atingidos por empreendimento de Infraestrutura", "user": 1, "content_type": 11}, "pk": 88}, {"model": "admin.logentry", "fields": {"action_time": "2016-01-31T19:29:41.027Z", "object_id": "9", "action_flag": 1, "change_message": "", "object_repr": "Imigrantes", "user": 1, "content_type": 11}, "pk": 89}, {"model": "admin.logentry", "fields": {"action_time": "2016-01-31T19:29:46.022Z", "object_id": "10", "action_flag": 1, "change_message": "", "object_repr": "Familias acampadas", "user": 1, "content_type": 11}, "pk": 90}, {"model": "admin.logentry", "fields": {"action_time": "2016-01-31T19:29:54.106Z", "object_id": "11", "action_flag": 1, "change_message": "", "object_repr": "Agricultores familiares", "user": 1, "content_type": 11}, "pk": 91}, {"model": "admin.logentry", "fields": {"action_time": "2016-01-31T19:30:02.548Z", "object_id": "12", "action_flag": 1, "change_message": "", "object_repr": "Assentados da Reforma Agr\u00e1ria", "user": 1, "content_type": 11}, "pk": 92}, {"model": "admin.logentry", "fields": {"action_time": "2016-01-31T19:30:08.285Z", "object_id": "13", "action_flag": 1, "change_message": "", "object_repr": "Povos e Comunidades Tradicionais de Matriz Africana", "user": 1, "content_type": 11}, "pk": 93}, {"model": "admin.logentry", "fields": {"action_time": "2016-01-31T19:30:13.652Z", "object_id": "14", "action_flag": 1, "change_message": "", "object_repr": "Quilombolas", "user": 1, "content_type": 11}, "pk": 94}, {"model": "admin.logentry", "fields": {"action_time": "2016-01-31T19:30:19.892Z", "object_id": "15", "action_flag": 1, "change_message": "", "object_repr": "Ind\u00edgenas", "user": 1, "content_type": 11}, "pk": 95}, {"model": "admin.logentry", "fields": {"action_time": "2016-01-31T19:30:27.316Z", "object_id": "16", "action_flag": 1, "change_message": "", "object_repr": "Extrativistas", "user": 1, "content_type": 11}, "pk": 96}, {"model": "admin.logentry", "fields": {"action_time": "2016-01-31T19:30:32.968Z", "object_id": "17", "action_flag": 1, "change_message": "", "object_repr": "Pescadores artesanais", "user": 1, "content_type": 11}, "pk": 97}, {"model": "admin.logentry", "fields": {"action_time": "2016-01-31T19:30:38.053Z", "object_id": "18", "action_flag": 1, "change_message": "", "object_repr": "Ribeirinhos", "user": 1, "content_type": 11}, "pk": 98}, {"model": "admin.logentry", "fields": {"action_time": "2016-01-31T19:30:43.252Z", "object_id": "19", "action_flag": 1, "change_message": "", "object_repr": "Sertanejos", "user": 1, "content_type": 11}, "pk": 99}, {"model": "admin.logentry", "fields": {"action_time": "2016-01-31T19:30:48.200Z", "object_id": "20", "action_flag": 1, "change_message": "", "object_repr": "Ciganos", "user": 1, "content_type": 11}, "pk": 100}, {"model": "admin.logentry", "fields": {"action_time": "2016-01-31T19:30:54.166Z", "object_id": "21", "action_flag": 1, "change_message": "", "object_repr": "Popula\u00e7\u00e3o de L\u00e9sbicas, Gays, Bissexuais, Travestis, Transexuais e Transg\u00eaneros -LGBT", "user": 1, "content_type": 11}, "pk": 101}, {"model": "admin.logentry", "fields": {"action_time": "2016-01-31T19:31:00.398Z", "object_id": "22", "action_flag": 1, "change_message": "", "object_repr": "Mulheres", "user": 1, "content_type": 11}, "pk": 102}, {"model": "admin.logentry", "fields": {"action_time": "2016-01-31T19:31:05.980Z", "object_id": "23", "action_flag": 1, "change_message": "", "object_repr": "Pessoas com defici\u00eancia", "user": 1, "content_type": 11}, "pk": 103}, {"model": "admin.logentry", "fields": {"action_time": "2016-01-31T19:31:16.534Z", "object_id": "24", "action_flag": 1, "change_message": "", "object_repr": "Popula\u00e7\u00e3o negra", "user": 1, "content_type": 11}, "pk": 104}, {"model": "admin.logentry", "fields": {"action_time": "2016-01-31T19:31:22.617Z", "object_id": "25", "action_flag": 1, "change_message": "", "object_repr": "Estudantes", "user": 1, "content_type": 11}, "pk": 105}, {"model": "admin.logentry", "fields": {"action_time": "2016-01-31T19:31:28.791Z", "object_id": "26", "action_flag": 1, "change_message": "", "object_repr": "Grupos Art\u00edsticos e Culturais Independentes", "user": 1, "content_type": 11}, "pk": 106}, {"model": "admin.logentry", "fields": {"action_time": "2016-01-31T19:31:34.811Z", "object_id": "27", "action_flag": 1, "change_message": "", "object_repr": "Mestres, praticantes, brincantes e grupos das culturas populares, urbanas e rurais", "user": 1, "content_type": 11}, "pk": 107}, {"model": "admin.logentry", "fields": {"action_time": "2016-01-31T19:31:41.288Z", "object_id": "28", "action_flag": 1, "change_message": "", "object_repr": "N\u00e3o espec\u00edfico", "user": 1, "content_type": 11}, "pk": 108}, {"model": "admin.logentry", "fields": {"action_time": "2016-01-31T19:31:54.680Z", "object_id": "1", "action_flag": 1, "change_message": "", "object_repr": "Crian\u00e7as", "user": 1, "content_type": 19}, "pk": 109}, {"model": "admin.logentry", "fields": {"action_time": "2016-01-31T19:32:00.833Z", "object_id": "2", "action_flag": 1, "change_message": "", "object_repr": "Adolescentes", "user": 1, "content_type": 19}, "pk": 110}, {"model": "admin.logentry", "fields": {"action_time": "2016-01-31T19:32:06.353Z", "object_id": "3", "action_flag": 1, "change_message": "", "object_repr": "Jovens", "user": 1, "content_type": 19}, "pk": 111}, {"model": "admin.logentry", "fields": {"action_time": "2016-01-31T19:32:12.084Z", "object_id": "4", "action_flag": 1, "change_message": "", "object_repr": "Adultos", "user": 1, "content_type": 19}, "pk": 112}, {"model": "admin.logentry", "fields": {"action_time": "2016-01-31T19:32:17.061Z", "object_id": "5", "action_flag": 1, "change_message": "", "object_repr": "Idosos", "user": 1, "content_type": 19}, "pk": 113}, {"model": "admin.logentry", "fields": {"action_time": "2016-01-31T19:32:22.840Z", "object_id": "6", "action_flag": 1, "change_message": "", "object_repr": "Livre", "user": 1, "content_type": 19}, "pk": 114}, {"model": "admin.logentry", "fields": {"action_time": "2016-01-31T19:32:35.719Z", "object_id": "1", "action_flag": 1, "change_message": "", "object_repr": "Bairro da Pra\u00e7a CEU", "user": 1, "content_type": 12}, "pk": 115}, {"model": "admin.logentry", "fields": {"action_time": "2016-01-31T19:32:43.666Z", "object_id": "2", "action_flag": 1, "change_message": "", "object_repr": "Bairros do entorno", "user": 1, "content_type": 12}, "pk": 116}, {"model": "admin.logentry", "fields": {"action_time": "2016-01-31T19:32:50.729Z", "object_id": "3", "action_flag": 1, "change_message": "", "object_repr": "Munic\u00edpio", "user": 1, "content_type": 12}, "pk": 117}, {"model": "admin.logentry", "fields": {"action_time": "2016-01-31T19:32:56.330Z", "object_id": "4", "action_flag": 1, "change_message": "", "object_repr": "Munic\u00edpios do entorno", "user": 1, "content_type": 12}, "pk": 118}, {"model": "admin.logentry", "fields": {"action_time": "2016-01-31T19:33:02.503Z", "object_id": "5", "action_flag": 1, "change_message": "", "object_repr": "Estado", "user": 1, "content_type": 12}, "pk": 119}, {"model": "admin.logentry", "fields": {"action_time": "2016-01-31T19:33:22.208Z", "object_id": "1", "action_flag": 1, "change_message": "", "object_repr": "Di\u00e1rio", "user": 1, "content_type": 13}, "pk": 120}, {"model": "admin.logentry", "fields": {"action_time": "2016-01-31T19:33:30.638Z", "object_id": "2", "action_flag": 1, "change_message": "", "object_repr": "Semanal", "user": 1, "content_type": 13}, "pk": 121}, {"model": "admin.logentry", "fields": {"action_time": "2016-01-31T19:33:40.553Z", "object_id": "3", "action_flag": 1, "change_message": "", "object_repr": "Quinzenal", "user": 1, "content_type": 13}, "pk": 122}, {"model": "admin.logentry", "fields": {"action_time": "2016-01-31T19:33:52.373Z", "object_id": "4", "action_flag": 1, "change_message": "", "object_repr": "Mensal", "user": 1, "content_type": 13}, "pk": 123}, {"model": "admin.logentry", "fields": {"action_time": "2016-01-31T19:34:07.947Z", "object_id": "5", "action_flag": 1, "change_message": "", "object_repr": "N\u00e3o se repete", "user": 1, "content_type": 13}, "pk": 124}]